DateNew,Net_amount,DBName
2020-09-09 00:00:00,$1619.1599999999999,Lambe
2020-09-10 00:00:00,$744.3599999999999,Lambe
2020-09-11 00:00:00,$1924.35,Lambe
2020-09-12 00:00:00,$1981.77,Lambe
2020-09-13 00:00:00,$1143.48,Lambe
2020-09-14 00:00:00,$623.49,Lambe
2020-09-15 00:00:00,$1425.27,Lambe
2020-09-16 00:00:00,$884.37,Lambe
2020-09-17 00:00:00,$1200.8999999999999,Lambe
2020-09-18 00:00:00,$1609.59,Lambe
2020-09-19 00:00:00,$1515.66,Lambe
2020-09-20 00:00:00,$596.55,Lambe
2020-09-21 00:00:00,$604.35,Lambe
2020-09-22 00:00:00,$940.02,Lambe
2020-09-23 00:00:00,$911.31,Lambe
2020-09-24 00:00:00,$901.74,Lambe
2020-09-25 00:00:00,$1273.9199999999998,Lambe
2020-09-26 00:00:00,$1089.6,Lambe
2020-09-27 00:00:00,$613.92,Lambe
2020-09-28 00:00:00,$1525.23,Lambe
2020-09-29 00:00:00,$594.78,Lambe
2020-09-30 00:00:00,$1080.03,Lambe
2020-10-01 00:00:00,$874.8,Lambe
2020-10-02 00:00:00,$2064.3599999999997,Lambe
2020-10-03 00:00:00,$1625.19,Lambe
2020-10-04 00:00:00,$826.95,Lambe
2020-10-05 00:00:00,$698.28,Lambe
2020-10-06 00:00:00,$539.13,Lambe
2020-10-07 00:00:00,$865.23,Lambe
2020-10-08 00:00:00,$1245.2099999999998,Lambe
2020-10-09 00:00:00,$2129.58,Lambe
2020-10-10 00:00:00,$1450.4399999999998,Lambe
2020-10-11 00:00:00,$1153.05,Lambe
2020-10-12 00:00:00,$911.31,Lambe
2020-10-13 00:00:00,$493.05,Lambe
2020-10-14 00:00:00,$1200.8999999999999,Lambe
2020-10-15 00:00:00,$1154.82,Lambe
2020-10-16 00:00:00,$1822.62,Lambe
2020-10-17 00:00:00,$1488.7199999999998,Lambe
2020-10-18 00:00:00,$1356.51,Lambe
2020-10-19 00:00:00,$807.81000000000006,Lambe
2020-10-20 00:00:00,$1377.42,Lambe
2020-10-21 00:00:00,$660,Lambe
2020-10-22 00:00:00,$1954.83,Lambe
2020-10-23 00:00:00,$1218.27,Lambe
2020-10-24 00:00:00,$957.39,Lambe
2020-10-25 00:00:00,$819.14999999999986,Lambe
2020-10-26 00:00:00,$1245.2099999999998,Lambe
2020-10-27 00:00:00,$326.1,Lambe
2020-10-28 00:00:00,$493.05,Lambe
2020-10-29 00:00:00,$734.79,Lambe
2020-10-30 00:00:00,$1720.89,Lambe
2020-10-31 00:00:00,$2167.86,Lambe
2020-11-01 00:00:00,$1103.6399999999999,Lambe
2020-11-02 00:00:00,$556.70999999999992,Lambe
2020-11-03 00:00:00,$1164.3899999999999,Lambe
2020-11-04 00:00:00,$893.73,Lambe
2020-11-05 00:00:00,$1334.4599999999998,Lambe
2020-11-06 00:00:00,$2212.1699999999996,Lambe
2020-11-07 00:00:00,$1428.1799999999996,Lambe
2020-11-08 00:00:00,$790.43999999999994,Lambe
2020-11-09 00:00:00,$1701.75,Lambe
2020-11-10 00:00:00,$949.59,Lambe
2020-11-11 00:00:00,$957.39,Lambe
2020-11-12 00:00:00,$949.59,Lambe
2020-11-13 00:00:00,$2624.3999999999996,Lambe
2020-11-14 00:00:00,$2064.3599999999997,Lambe
2020-11-15 00:00:00,$744.3599999999999,Lambe
2020-11-16 00:00:00,$901.74,Lambe
2020-11-17 00:00:00,$1413.93,Lambe
2020-11-18 00:00:00,$800.01,Lambe
2020-11-19 00:00:00,$1460.01,Lambe
2020-11-20 00:00:00,$3098.31,Lambe
2020-11-21 00:00:00,$2026.08,Lambe
2020-11-22 00:00:00,$872.23,Lambe
2020-11-23 00:00:00,$755.70000000000016,Lambe
2020-11-24 00:00:00,$1360.9199999999998,Lambe
2020-11-25 00:00:00,$994.89,Lambe
2020-11-26 00:00:00,$1739.2099999999998,Lambe
2020-11-27 00:00:00,$1911.4299999999998,Lambe
2020-11-28 00:00:00,$1249.6599999999999,Lambe
2020-11-29 00:00:00,$1478.37,Lambe
2020-11-30 00:00:00,$1337.4799999999996,Lambe
2020-12-01 00:00:00,$880.89,Lambe
2020-12-02 00:00:00,$1147.9099999999999,Lambe
2020-12-03 00:00:00,$773.93000000000006,Lambe
2020-12-04 00:00:00,$2812.2999999999997,Lambe
2020-12-05 00:00:00,$836.56,Lambe
2020-12-06 00:00:00,$424.36,Lambe
2020-12-07 00:00:00,$1315.7399999999998,Lambe
2020-12-08 00:00:00,$1115.7400000000002,Lambe
2020-12-09 00:00:00,$836.56,Lambe
2020-12-10 00:00:00,$1480.94,Lambe
2020-12-11 00:00:00,$3233.16,Lambe
2020-12-12 00:00:00,$1292.2600000000002,Lambe
2020-12-13 00:00:00,$4167.91,Lambe
2020-12-14 00:00:00,$1456.61,Lambe
2020-12-15 00:00:00,$799.18999999999983,Lambe
2020-12-16 00:00:00,$4279.1500000000005,Lambe
2020-12-17 00:00:00,$1567.9099999999999,Lambe
2020-12-18 00:00:00,$2959.25,Lambe
2020-12-19 00:00:00,$2251.3999999999996,Lambe
2020-12-20 00:00:00,$956.54,Lambe
2020-12-21 00:00:00,$1606.15,Lambe
2020-12-22 00:00:00,$827.81999999999994,Lambe
2020-12-23 00:00:00,$1837.47,Lambe
2020-12-24 00:00:00,$1267.0499999999997,Lambe
2020-12-25 00:00:00,$2786.24,Lambe
2020-12-26 00:00:00,$1954.0500000000002,Lambe
2020-12-27 00:00:00,$692.21,Lambe
2020-12-28 00:00:00,$1715.7,Lambe
2020-12-29 00:00:00,$1626.1100000000001,Lambe
2020-12-30 00:00:00,$1835.74,Lambe
2020-12-31 00:00:00,$2446.22,Lambe
2021-01-01 00:00:00,$1921.86,Lambe
2021-01-02 00:00:00,$2246.16,Lambe
2021-01-03 00:00:00,$2488.77,Lambe
2021-01-04 00:00:00,$2356.64,Lambe
2021-01-05 00:00:00,$2083.58,Lambe
2021-01-06 00:00:00,$2180.18,Lambe
2021-01-07 00:00:00,$2126.39,Lambe
2021-01-08 00:00:00,$2225.5699999999997,Lambe
2021-01-09 00:00:00,$2081.98,Lambe
2021-01-10 00:00:00,$3031.6899999999996,Lambe
2021-01-11 00:00:00,$1242.8,Lambe
2021-01-12 00:00:00,$2736,Lambe
2021-01-13 00:00:00,$2759.4,Lambe
2021-01-14 00:00:00,$3453.5,Lambe
2021-01-15 00:00:00,$2726.45,Lambe
2021-01-16 00:00:00,$2332.5,Lambe
2021-01-17 00:00:00,$1253.19,Lambe
2021-01-18 00:00:00,$1702.87,Lambe
2021-01-19 00:00:00,$2200.3,Lambe
2021-01-20 00:00:00,$1339.28,Lambe
2021-01-21 00:00:00,$2180.2000000000003,Lambe
2021-01-22 00:00:00,$2840.41,Lambe
2021-01-23 00:00:00,$2535.99,Lambe
2021-01-24 00:00:00,$1047.1000000000001,Lambe
2021-01-25 00:00:00,$1441.05,Lambe
2021-01-26 00:00:00,$1065.4,Lambe
2021-01-27 00:00:00,$1128.78,Lambe
2021-01-28 00:00:00,$3231.6499999999996,Lambe
2021-01-29 00:00:00,$3825.62,Lambe
2021-01-30 00:00:00,$2353.38,Lambe
2021-01-31 00:00:00,$944.4899999999999,Lambe
2021-02-01 00:00:00,$1460.23,Lambe
2021-02-02 00:00:00,$1689.8,Lambe
2021-02-03 00:00:00,$1590.68,Lambe
2021-03-07 00:00:00,$1791.8299999999995,Lambe
2021-03-08 00:00:00,$401.16999999999985,Lambe
2021-03-09 00:00:00,$1435.9999999999998,Lambe
2021-03-10 00:00:00,$1175.4499999999994,Lambe
2021-03-11 00:00:00,$749.0400000000003,Lambe
2021-03-12 00:00:00,$1557.5499999999988,Lambe
2021-03-13 00:00:00,$1504.02,Lambe
2021-03-14 00:00:00,$721.83,Lambe
2021-03-15 00:00:00,$884.03000000000168,Lambe
2021-03-16 00:00:00,$1019.0399999999998,Lambe
2021-03-17 00:00:00,$993.7300000000007,Lambe
2021-03-18 00:00:00,$1302.6100000000004,Lambe
2021-03-19 00:00:00,$2656.1800000000062,Lambe
2021-03-20 00:00:00,$1781.2799999999984,Lambe
2021-03-21 00:00:00,$997.49999999999966,Lambe
2021-03-22 00:00:00,$1673.439999999999,Lambe
2021-03-23 00:00:00,$1472.3199999999993,Lambe
2021-03-24 00:00:00,$1155.1399999999981,Lambe
2021-03-25 00:00:00,$4378.7500000000064,Lambe
2021-03-26 00:00:00,$3797.5300000000061,Lambe
2021-03-27 00:00:00,$3960.0000000000164,Lambe
2021-03-28 00:00:00,$1072.33,Lambe
2021-03-29 00:00:00,$1563.2699999999991,Lambe
2021-03-30 00:00:00,$2006.8800000000065,Lambe
2021-03-31 00:00:00,$2050.0300000000043,Lambe
2021-04-01 00:00:00,$1482.75,Lambe
2021-04-02 00:00:00,$5488.9000000000005,Lambe
2021-04-03 00:00:00,$1943.7000000000003,Lambe
2021-04-04 00:00:00,$873.17000000000007,Lambe
2021-04-05 00:00:00,$1705.44,Lambe
2021-04-06 00:00:00,$1261,Lambe
2021-04-07 00:00:00,$1166.22,Lambe
2021-04-08 00:00:00,$1312.3899999999999,Lambe
2021-04-09 00:00:00,$3391.72,Lambe
2021-04-10 00:00:00,$2812.52,Lambe
2021-04-11 00:00:00,$1086.2,Lambe
2021-04-12 00:00:00,$587.91,Lambe
2021-04-13 00:00:00,$5280.01,Lambe
2021-04-14 00:00:00,$2108.73,Lambe
2021-04-15 00:00:00,$1353.1799999999998,Lambe
2021-04-16 00:00:00,$534.85,Lambe
2021-04-17 00:00:00,$1551.4599999999998,Lambe
2021-04-18 00:00:00,$1421.0300000000002,Lambe
2021-04-19 00:00:00,$1023.5999999999999,Lambe
2021-04-20 00:00:00,$1091.43,Lambe
2021-04-21 00:00:00,$1071.4299999999998,Lambe
2021-04-22 00:00:00,$10577.529999999997,Lambe
2021-04-23 00:00:00,$713.98,Lambe
2021-04-24 00:00:00,$1799.32,Lambe
2021-04-25 00:00:00,$840.1099999999999,Lambe
2021-04-26 00:00:00,$1101.9199999999998,Lambe
2021-04-27 00:00:00,$2522.88,Lambe
2021-04-28 00:00:00,$1799.4299999999996,Lambe
2021-04-29 00:00:00,$871.4,Lambe
2021-04-30 00:00:00,$728.7800000000001,Lambe
2021-05-01 00:00:00,$2067.9599999999996,Lambe
2021-05-02 00:00:00,$1125.3499999999995,Lambe
2021-05-03 00:00:00,$930.52,Lambe
2021-05-04 00:00:00,$757.47000000000116,Lambe
2021-05-05 00:00:00,$758.35,Lambe
2021-05-06 00:00:00,$764.44,Lambe
2021-05-07 00:00:00,$629.64999999999986,Lambe
2021-05-08 00:00:00,$1279.3599999999992,Lambe
2021-05-09 00:00:00,$1239.2599999999993,Lambe
2021-05-10 00:00:00,$1164.4899999999996,Lambe
2021-05-11 00:00:00,$835.75,Lambe
2021-05-13 00:00:00,$699.23999999999933,Lambe
2021-05-14 00:00:00,$2725.58,Lambe
2021-05-15 00:00:00,$2156.8199999999974,Lambe
2021-05-16 00:00:00,$3127.3899999999985,Lambe
2021-05-17 00:00:00,$4373.3100000000031,Lambe
2021-05-18 00:00:00,$2475.12,Lambe
2021-05-19 00:00:00,$2273.389999999999,Lambe
2021-05-20 00:00:00,$2205.4899999999993,Lambe
2021-05-21 00:00:00,$4974.6900000000051,Lambe
2021-05-22 00:00:00,$4821.37,Lambe
2021-05-23 00:00:00,$2701.2099999999982,Lambe
2021-05-24 00:00:00,$8390.6800000000021,Lambe
2021-05-25 00:00:00,$7498.369999999999,Lambe
2021-05-26 00:00:00,$6689.7799999999988,Lambe
2021-05-27 00:00:00,$7598.4500000000044,Lambe
2021-05-28 00:00:00,$9590.0500000000084,Lambe
2021-05-29 00:00:00,$7041.0699999999988,Lambe
2021-05-30 00:00:00,$5871.2900000000027,Lambe
2021-05-31 00:00:00,$5603.3899999999994,Lambe
2021-06-01 00:00:00,$8454.9100000000071,Lambe
2021-06-02 00:00:00,$5976.9800000000023,Lambe
2021-06-03 00:00:00,$7528.7800000000061,Lambe
2021-06-04 00:00:00,$7415.7999999999993,Lambe
2021-06-05 00:00:00,$7301.0200000000013,Lambe
2021-06-06 00:00:00,$1316.7400000000002,Lambe
2021-06-07 00:00:00,$4615.399999999997,Lambe
2021-06-08 00:00:00,$4821.5099999999984,Lambe
2021-06-09 00:00:00,$15746.769999999997,Lambe
2021-06-10 00:00:00,$4661.5399999999972,Lambe
2021-06-11 00:00:00,$7675.8000000000047,Lambe
2021-06-12 00:00:00,$5984.7699999999995,Lambe
2021-06-13 00:00:00,$2816.9499999999985,Lambe
2021-06-14 00:00:00,$3216.0499999999988,Lambe
2021-06-15 00:00:00,$4971.0399999999991,Lambe
2021-06-16 00:00:00,$3320.489999999998,Lambe
2021-06-17 00:00:00,$2510.7799999999975,Lambe
2021-06-18 00:00:00,$6717.3200000000033,Lambe
2021-06-19 00:00:00,$4397.159999999999,Lambe
2021-06-20 00:00:00,$2696.8199999999983,Lambe
2021-06-21 00:00:00,$4856.2400000000007,Lambe
2021-06-22 00:00:00,$4562.880000000001,Lambe
2021-06-23 00:00:00,$2475.9199999999978,Lambe
2021-06-24 00:00:00,$2437.6999999999975,Lambe
2021-06-25 00:00:00,$4110.060000000004,Lambe
2021-06-26 00:00:00,$3525.6599999999971,Lambe
2021-06-27 00:00:00,$4773.7199999999993,Lambe
2021-06-28 00:00:00,$3770.9599999999987,Lambe
2021-06-29 00:00:00,$3036.069999999998,Lambe
2021-06-30 00:00:00,$3294.3299999999967,Lambe
2021-07-01 00:00:00,$3176.169999999997,Lambe
2021-07-02 00:00:00,$5964.2800000000052,Lambe
2021-07-03 00:00:00,$5450.2299999999977,Lambe
2021-07-04 00:00:00,$3698.779999999997,Lambe
2021-07-05 00:00:00,$3077.7299999999987,Lambe
2021-07-06 00:00:00,$4802.3399999999983,Lambe
2021-07-07 00:00:00,$4717.1899999999987,Lambe
2021-07-08 00:00:00,$6157.3100000000022,Lambe
2021-07-09 00:00:00,$4294.4000000000015,Lambe
2021-07-10 00:00:00,$3412.4799999999977,Lambe
2021-07-11 00:00:00,$1956.7199999999993,Lambe
2021-07-12 00:00:00,$3338.5899999999983,Lambe
2021-07-13 00:00:00,$3235.1199999999976,Lambe
2021-07-14 00:00:00,$4228.13,Lambe
2021-07-15 00:00:00,$2334.1899999999982,Lambe
2021-07-16 00:00:00,$13457.839999999998,Lambe
2021-07-17 00:00:00,$2308.9499999999975,Lambe
2021-07-18 00:00:00,$2252.4399999999978,Lambe
2021-07-20 00:00:00,$2572.4399999999996,Lambe
2021-07-21 00:00:00,$5512.790000000001,Lambe
2021-07-22 00:00:00,$5567.6099999999988,Lambe
2021-07-23 00:00:00,$5489.4000000000015,Lambe
2021-07-24 00:00:00,$4319.5999999999985,Lambe
2021-07-25 00:00:00,$2839.509999999997,Lambe
2021-07-26 00:00:00,$3075.9699999999984,Lambe
2021-07-27 00:00:00,$3953.3599999999983,Lambe
2021-07-28 00:00:00,$3386.5899999999974,Lambe
2021-07-29 00:00:00,$5819.9000000000015,Lambe
2021-07-30 00:00:00,$6706.21,Lambe
2021-07-31 00:00:00,$11985.290000000005,Lambe
2021-08-01 00:00:00,$6137.409999999998,Lambe
2021-08-02 00:00:00,$7579.380000000001,Lambe
2021-08-03 00:00:00,$7127.1100000000006,Lambe
2021-08-04 00:00:00,$8690.8099999999977,Lambe
2021-08-05 00:00:00,$5079.1100000000006,Lambe
2021-08-06 00:00:00,$6169.6,Lambe
2021-08-07 00:00:00,$7261.9800000000032,Lambe
2021-08-08 00:00:00,$4823.409999999998,Lambe
2021-08-09 00:00:00,$4797.4499999999962,Lambe
2021-08-10 00:00:00,$4972.7999999999993,Lambe
2021-08-11 00:00:00,$5953.9099999999971,Lambe
2021-08-12 00:00:00,$7203.5300000000261,Lambe
2021-08-13 00:00:00,$8060.110000000026,Lambe
2021-08-14 00:00:00,$7826.2500000000164,Lambe
2021-08-15 00:00:00,$6740.7599999999966,Lambe
2021-08-16 00:00:00,$9200.9900000000034,Lambe
2021-08-17 00:00:00,$5131.6699999999992,Lambe
2021-08-18 00:00:00,$5292.180000000003,Lambe
2021-08-19 00:00:00,$4131.1599999999953,Lambe
2021-08-20 00:00:00,$5724.3399999999983,Lambe
2021-08-21 00:00:00,$6506.0899999999983,Lambe
2021-08-22 00:00:00,$3845.3899999999967,Lambe
2021-08-23 00:00:00,$3763.1199999999981,Lambe
2021-08-24 00:00:00,$14664.169999999998,Lambe
2021-08-25 00:00:00,$3620.4299999999976,Lambe
2021-08-26 00:00:00,$5306.3699999999953,Lambe
2021-08-27 00:00:00,$6603.5600000000022,Lambe
2021-08-28 00:00:00,$5750.9499999999971,Lambe
2021-08-29 00:00:00,$2753.4599999999991,Lambe
2021-08-30 00:00:00,$1778.4899999999991,Lambe
2021-08-31 00:00:00,$3203.9199999999973,Lambe
2021-09-01 00:00:00,$2676.0599999999995,Lambe
2021-09-02 00:00:00,$3930.9900000000021,Lambe
2021-09-03 00:00:00,$5868.5799999999927,Lambe
2021-09-04 00:00:00,$6020.850000000005,Lambe
2021-09-05 00:00:00,$1586.26,Lambe
2021-09-06 00:00:00,$2208.9799999999982,Lambe
2021-09-07 00:00:00,$2523.719999999999,Lambe
2021-09-08 00:00:00,$3585.6399999999976,Lambe
2021-09-09 00:00:00,$3649.2499999999982,Lambe
2021-09-10 00:00:00,$7587.18,Lambe
2021-09-11 00:00:00,$6314.609999999998,Lambe
2021-09-12 00:00:00,$3468.4599999999982,Lambe
2021-09-13 00:00:00,$3591.8099999999986,Lambe
2021-09-14 00:00:00,$5097.25,Lambe
2021-09-15 00:00:00,$4447.4599999999964,Lambe
2021-09-16 00:00:00,$5499.8599999999988,Lambe
2021-09-17 00:00:00,$7033.9100000000035,Lambe
2021-09-18 00:00:00,$5034.3899999999967,Lambe
2021-09-19 00:00:00,$2853.0799999999972,Lambe
2021-09-20 00:00:00,$2480.339999999998,Lambe
2021-09-21 00:00:00,$3284.8300000000013,Lambe
2021-09-22 00:00:00,$6014.6200000000026,Lambe
2021-09-23 00:00:00,$4212.6600000000017,Lambe
2021-09-24 00:00:00,$4514.4699999999984,Lambe
2021-09-25 00:00:00,$4984.0799999999963,Lambe
2021-09-26 00:00:00,$2585.489999999998,Lambe
2021-09-27 00:00:00,$2402.8999999999983,Lambe
2021-09-28 00:00:00,$2842.1399999999981,Lambe
2021-09-29 00:00:00,$3186.4299999999976,Lambe
2021-09-30 00:00:00,$4770.1000000000013,Lambe
2021-10-01 00:00:00,$7808.229999999996,Lambe
2021-10-02 00:00:00,$5353.6500000000033,Lambe
2021-10-03 00:00:00,$1856.6899999999987,Lambe
2021-10-04 00:00:00,$2482.1999999999985,Lambe
2021-10-05 00:00:00,$3071.6999999999975,Lambe
2021-10-06 00:00:00,$2121.0999999999967,Lambe
2021-10-07 00:00:00,$2947.1699999999987,Lambe
2021-10-08 00:00:00,$5001.19,Lambe
2021-10-09 00:00:00,$4816.15,Lambe
2021-10-10 00:00:00,$1837.5199999999998,Lambe
2021-10-11 00:00:00,$11578.409999999991,Lambe
2021-10-12 00:00:00,$2413.2299999999968,Lambe
2021-10-13 00:00:00,$2377.6199999999963,Lambe
2021-10-14 00:00:00,$3100.2099999999973,Lambe
2021-10-15 00:00:00,$6652.0700000000006,Lambe
2021-10-16 00:00:00,$4580.430000000004,Lambe
2021-10-17 00:00:00,$5235.960000000001,Lambe
2021-10-18 00:00:00,$5649.340000000002,Lambe
2021-10-19 00:00:00,$1956.6799999999987,Lambe
2021-10-20 00:00:00,$1522.7299999999998,Lambe
2021-10-21 00:00:00,$1666,Lambe
2021-10-22 00:00:00,$17641.030000000002,Lambe
2021-10-23 00:00:00,$3143.6999999999994,Lambe
2021-10-24 00:00:00,$2267.0599999999977,Lambe
2021-10-25 00:00:00,$2380.609999999996,Lambe
2021-10-26 00:00:00,$2067.0599999999968,Lambe
2021-10-27 00:00:00,$3494.1600000000058,Lambe
2021-10-28 00:00:00,$2580.97,Lambe
2021-10-29 00:00:00,$3190.7999999999997,Lambe
2021-10-30 00:00:00,$4603.6900000000041,Lambe
2021-10-31 00:00:00,$2062.59,Lambe
2021-11-01 00:00:00,$2099.68,Lambe
2021-11-02 00:00:00,$1947.1400000000003,Lambe
2021-11-03 00:00:00,$2885.4100000000008,Lambe
2021-11-04 00:00:00,$5336.87,Lambe
2021-11-05 00:00:00,$5749.2400000000016,Lambe
2021-11-06 00:00:00,$3908.1099999999988,Lambe
2021-11-07 00:00:00,$1288.7799999999997,Lambe
2021-11-08 00:00:00,$1344.93,Lambe
2021-11-09 00:00:00,$2912.3799999999997,Lambe
2021-11-10 00:00:00,$2544.4399999999991,Lambe
2021-11-11 00:00:00,$2667.1299999999997,Lambe
2021-11-12 00:00:00,$3062.9800000000005,Lambe
2021-11-13 00:00:00,$6217.9500000000025,Lambe
2021-11-14 00:00:00,$1285.3599999999994,Lambe
2021-11-15 00:00:00,$11547.61,Lambe
2021-11-16 00:00:00,$1588.06,Lambe
2021-11-17 00:00:00,$1718.799999999999,Lambe
2021-11-18 00:00:00,$3346.5500000000011,Lambe
2021-11-19 00:00:00,$4264.9100000000017,Lambe
2021-11-20 00:00:00,$5420.6000000000031,Lambe
2021-11-21 00:00:00,$2149,Lambe
2021-11-22 00:00:00,$1049.7099999999998,Lambe
2021-11-23 00:00:00,$1648.9199999999987,Lambe
2021-11-24 00:00:00,$6335.91,Lambe
2021-11-25 00:00:00,$3957.8400000000006,Lambe
2021-11-26 00:00:00,$3479.5900000000006,Lambe
2021-11-27 00:00:00,$3715.1700000000005,Lambe
2021-11-28 00:00:00,$3436.8399999999997,Lambe
2021-11-29 00:00:00,$4076.5500000000015,Lambe
2021-11-30 00:00:00,$3646.6600000000003,Lambe
2021-12-01 00:00:00,$5645.0599999999986,Lambe
2021-12-02 00:00:00,$3993.01,Lambe
2021-12-03 00:00:00,$4984.1800000000012,Lambe
2021-12-04 00:00:00,$2696.0899999999992,Lambe
2021-12-05 00:00:00,$1021.6399999999998,Lambe
2021-12-06 00:00:00,$2659.6299999999997,Lambe
2021-12-07 00:00:00,$2215.6099999999997,Lambe
2021-12-08 00:00:00,$2302.7899999999995,Lambe
2021-12-09 00:00:00,$5063.3700000000008,Lambe
2021-12-10 00:00:00,$5148.569999999998,Lambe
2021-12-11 00:00:00,$3883.0199999999977,Lambe
2021-12-12 00:00:00,$2053.2799999999993,Lambe
2021-12-13 00:00:00,$2326.1099999999992,Lambe
2021-12-14 00:00:00,$2385.29,Lambe
2021-12-15 00:00:00,$1487.2299999999993,Lambe
2021-12-16 00:00:00,$3092.5499999999993,Lambe
2021-12-17 00:00:00,$5870.9500000000016,Lambe
2021-12-18 00:00:00,$4121.8399999999983,Lambe
2021-12-19 00:00:00,$3995.3599999999997,Lambe
2021-12-20 00:00:00,$2050.7299999999996,Lambe
2021-12-21 00:00:00,$1121.6299999999997,Lambe
2021-12-22 00:00:00,$2378.9599999999996,Lambe
2021-12-23 00:00:00,$3583.9799999999996,Lambe
2021-12-24 00:00:00,$5055.3799999999947,Lambe
2021-12-25 00:00:00,$3435.4699999999993,Lambe
2021-12-26 00:00:00,$1961.9699999999998,Lambe
2021-12-27 00:00:00,$1316.689999999999,Lambe
2021-12-28 00:00:00,$2556.9199999999992,Lambe
2021-12-29 00:00:00,$3485.2400000000011,Lambe
2021-12-30 00:00:00,$3121.26,Lambe
2021-12-31 00:00:00,$3975.2700000000004,Lambe
2022-01-01 00:00:00,$2408.159999999999,Lambe
2022-01-02 00:00:00,$2015.1,Lambe
2022-01-03 00:00:00,$1583.6999999999996,Lambe
2022-01-04 00:00:00,$1222.7999999999993,Lambe
2022-01-05 00:00:00,$1803.7099999999998,Lambe
2022-01-06 00:00:00,$1839.3699999999994,Lambe
2022-01-07 00:00:00,$2582.8999999999996,Lambe
2022-01-08 00:00:00,$4839.7400000000016,Lambe
2022-01-09 00:00:00,$2529.87,Lambe
2022-01-10 00:00:00,$3578.7200000000003,Lambe
2022-01-11 00:00:00,$4092.6400000000062,Lambe
2022-01-12 00:00:00,$3665.72,Lambe
2022-01-13 00:00:00,$2953.4399999999991,Lambe
2022-01-14 00:00:00,$2696.0600000000004,Lambe
2022-01-15 00:00:00,$2926.5099999999993,Lambe
2022-01-16 00:00:00,$2150.6600000000003,Lambe
2022-01-17 00:00:00,$1259.3199999999995,Lambe
2022-01-18 00:00:00,$7361.880000000001,Lambe
2022-01-19 00:00:00,$1654.1,Lambe
2022-01-20 00:00:00,$2598.57,Lambe
2022-01-21 00:00:00,$3285.6299999999992,Lambe
2022-01-22 00:00:00,$2749.8699999999994,Lambe
2022-01-23 00:00:00,$1763.6599999999996,Lambe
2022-01-24 00:00:00,$1180.1899999999996,Lambe
2022-01-25 00:00:00,$2203.7900000000004,Lambe
2022-01-26 00:00:00,$2039.3599999999997,Lambe
2022-01-27 00:00:00,$2988.2399999999993,Lambe
2022-01-28 00:00:00,$5422.4100000000008,Lambe
2022-01-29 00:00:00,$3864.0000000000005,Lambe
2022-01-30 00:00:00,$2776.74,Lambe
2022-01-31 00:00:00,$1178.37,Lambe
2022-02-01 00:00:00,$2938.6799999999994,Lambe
2022-02-02 00:00:00,$4813.5900000000011,Lambe
2022-02-03 00:00:00,$4366.630000000001,Lambe
2022-02-04 00:00:00,$4040.5500000000015,Lambe
2022-02-05 00:00:00,$3733.4999999999995,Lambe
2022-02-06 00:00:00,$1327.8999999999999,Lambe
2022-02-07 00:00:00,$146.1,Lambe
2021-01-22 00:00:00,$1147.04,Fizz
2021-01-23 00:00:00,$2429.6700000000023,Fizz
2021-01-24 00:00:00,$222.62,Fizz
2021-01-25 00:00:00,$385.27000000000004,Fizz
2021-01-27 00:00:00,$642.62,Fizz
2021-01-28 00:00:00,$1316.6000000000001,Fizz
2021-01-29 00:00:00,$2334.900000000002,Fizz
2021-01-30 00:00:00,$648.74,Fizz
2021-01-31 00:00:00,$127.84,Fizz
2021-02-01 00:00:00,$839.99999999999977,Fizz
2021-02-03 00:00:00,$695.66,Fizz
2021-02-04 00:00:00,$513.07,Fizz
2021-03-07 00:00:00,$240.00000000000006,Fizz
2021-03-09 00:00:00,$51.309999999999995,Fizz
2021-03-10 00:00:00,$523.49,Fizz
2021-03-11 00:00:00,$180,Fizz
2021-03-12 00:00:00,$1939.2800000000016,Fizz
2021-03-13 00:00:00,$811.37999999999988,Fizz
2021-03-14 00:00:00,$195.68,Fizz
2021-03-15 00:00:00,$486.99000000000007,Fizz
2021-03-16 00:00:00,$206.96000000000004,Fizz
2021-03-17 00:00:00,$284.34000000000003,Fizz
2021-03-18 00:00:00,$2269.7800000000011,Fizz
2021-03-19 00:00:00,$11782.22,Fizz
2021-03-20 00:00:00,$917.41999999999973,Fizz
2021-03-21 00:00:00,$6278.0500000000056,Fizz
2021-03-22 00:00:00,$6759.9800000000068,Fizz
2021-03-23 00:00:00,$3584.530000000003,Fizz
2021-03-24 00:00:00,$1770.5500000000015,Fizz
2021-03-25 00:00:00,$8234.1500000000015,Fizz
2021-03-26 00:00:00,$8135.0200000000023,Fizz
2021-03-27 00:00:00,$7095.8200000000006,Fizz
2021-03-28 00:00:00,$3159.260000000002,Fizz
2021-03-29 00:00:00,$2643.5300000000025,Fizz
2021-03-30 00:00:00,$1807.0600000000013,Fizz
2021-03-31 00:00:00,$4447.1200000000044,Fizz
2021-04-01 00:00:00,$8234.66,Fizz
2021-04-02 00:00:00,$7819.9100000000017,Fizz
2021-04-03 00:00:00,$10280.990000000002,Fizz
2021-04-04 00:00:00,$575.6999999999996,Fizz
2021-04-05 00:00:00,$2270.61,Fizz
2021-04-06 00:00:00,$3388.16,Fizz
2021-04-07 00:00:00,$10247.109999999999,Fizz
2021-04-08 00:00:00,$10004.45,Fizz
2021-04-09 00:00:00,$15981.48,Fizz
2021-04-10 00:00:00,$16000.369999999974,Fizz
2021-04-11 00:00:00,$6597.1399999999994,Fizz
2021-04-12 00:00:00,$1558.42,Fizz
2021-04-13 00:00:00,$85.22,Fizz
2021-04-14 00:00:00,$769.63999999999987,Fizz
2021-04-15 00:00:00,$3401.21,Fizz
2021-04-16 00:00:00,$2288.9,Fizz
2021-04-17 00:00:00,$1944.54,Fizz
2021-04-18 00:00:00,$1131.42,Fizz
2021-04-19 00:00:00,$1560.15,Fizz
2021-04-20 00:00:00,$1258.39,Fizz
2021-04-21 00:00:00,$1110.56,Fizz
2021-04-22 00:00:00,$3536.01,Fizz
2021-04-23 00:00:00,$4312.59,Fizz
2021-04-24 00:00:00,$1200.13,Fizz
2021-04-25 00:00:00,$2050.64,Fizz
2021-04-26 00:00:00,$2936.7,Fizz
2021-04-27 00:00:00,$1881.0500000000004,Fizz
2021-04-28 00:00:00,$4262.13,Fizz
2021-04-29 00:00:00,$4255.2300000000005,Fizz
2021-04-30 00:00:00,$2865.4500000000003,Fizz
2021-05-01 00:00:00,$4718.699999999999,Fizz
2021-05-02 00:00:00,$2082.8100000000004,Fizz
2021-05-03 00:00:00,$1225.3300000000002,Fizz
2021-05-04 00:00:00,$2192.3900000000003,Fizz
2021-05-05 00:00:00,$956.60999999999967,Fizz
2021-05-06 00:00:00,$2487.0900000000011,Fizz
2021-05-07 00:00:00,$1883.6500000000008,Fizz
2021-05-08 00:00:00,$1025.33,Fizz
2021-05-09 00:00:00,$1653.2000000000003,Fizz
2021-05-10 00:00:00,$578.30000000000007,Fizz
2021-05-11 00:00:00,$151.32,Fizz
2021-05-13 00:00:00,$2729.87,Fizz
2021-05-14 00:00:00,$6378.99,Fizz
2021-05-15 00:00:00,$15105.009999999995,Fizz
2021-05-16 00:00:00,$11048.949999999997,Fizz
2021-05-17 00:00:00,$16246.969999999998,Fizz
2021-05-18 00:00:00,$4864.83,Fizz
2021-05-19 00:00:00,$4598.7099999999991,Fizz
2021-05-20 00:00:00,$7837.309999999996,Fizz
2021-05-21 00:00:00,$8470.4,Fizz
2021-05-22 00:00:00,$8641.319999999998,Fizz
2021-05-23 00:00:00,$6826.77,Fizz
2021-05-24 00:00:00,$9644.47,Fizz
2021-05-25 00:00:00,$8440.7999999999975,Fizz
2021-05-26 00:00:00,$13863.94,Fizz
2021-05-27 00:00:00,$15040.609999999995,Fizz
2021-05-28 00:00:00,$18129.68,Fizz
2021-05-29 00:00:00,$19109.270000000048,Fizz
2021-05-30 00:00:00,$13903.100000000059,Fizz
2021-05-31 00:00:00,$8877.390000000005,Fizz
2021-06-01 00:00:00,$10836.690000000021,Fizz
2021-06-02 00:00:00,$13683.900000000027,Fizz
2021-06-03 00:00:00,$12154.260000000022,Fizz
2021-06-04 00:00:00,$17647.049999999996,Fizz
2021-06-05 00:00:00,$16250.12000000003,Fizz
2021-06-06 00:00:00,$9132.0200000000023,Fizz
2021-06-07 00:00:00,$15007.590000000027,Fizz
2021-06-08 00:00:00,$15059.72000000003,Fizz
2021-06-09 00:00:00,$56117.87999999983,Fizz
2021-06-10 00:00:00,$14410.980000000018,Fizz
2021-06-11 00:00:00,$20576.060000000005,Fizz
2021-06-12 00:00:00,$11722.06000000002,Fizz
2021-06-13 00:00:00,$7247.7199999999893,Fizz
2021-06-14 00:00:00,$7185.07999999999,Fizz
2021-06-15 00:00:00,$9855.79000000001,Fizz
2021-06-16 00:00:00,$7356.09999999999,Fizz
2021-06-17 00:00:00,$6243.88999999999,Fizz
2021-06-18 00:00:00,$12486.45000000003,Fizz
2021-06-19 00:00:00,$10049.750000000016,Fizz
2021-06-20 00:00:00,$10514.100000000024,Fizz
2021-06-21 00:00:00,$10318.470000000008,Fizz
2021-06-22 00:00:00,$10095.710000000006,Fizz
2021-06-23 00:00:00,$8794.8599999999915,Fizz
2021-06-24 00:00:00,$7821.690000000006,Fizz
2021-06-25 00:00:00,$10628.810000000027,Fizz
2021-06-26 00:00:00,$10484.990000000011,Fizz
2021-06-27 00:00:00,$7775.2699999999941,Fizz
2021-06-28 00:00:00,$11557.160000000033,Fizz
2021-06-29 00:00:00,$7683.9399999999987,Fizz
2021-06-30 00:00:00,$8983.9900000000234,Fizz
2021-07-01 00:00:00,$9128.3200000000234,Fizz
2021-07-02 00:00:00,$13399.940000000004,Fizz
2021-07-03 00:00:00,$9033.6200000000044,Fizz
2021-07-04 00:00:00,$5778.569999999988,Fizz
2021-07-05 00:00:00,$7414.3599999999942,Fizz
2021-07-06 00:00:00,$7371.72999999999,Fizz
2021-07-07 00:00:00,$5766.6299999999883,Fizz
2021-07-08 00:00:00,$6111.0299999999943,Fizz
2021-07-09 00:00:00,$12667.570000000042,Fizz
2021-07-10 00:00:00,$8087.7900000000154,Fizz
2021-07-11 00:00:00,$6970.2399999999943,Fizz
2021-07-12 00:00:00,$5031.7699999999932,Fizz
2021-07-13 00:00:00,$5971.8899999999885,Fizz
2021-07-14 00:00:00,$5035.6099999999942,Fizz
2021-07-15 00:00:00,$2798.530000000002,Fizz
2021-07-16 00:00:00,$7264.0399999999954,Fizz
2021-07-17 00:00:00,$6952.6299999999956,Fizz
2021-07-18 00:00:00,$2855.0300000000011,Fizz
2021-07-20 00:00:00,$3355.630000000001,Fizz
2021-07-21 00:00:00,$13475.620000000028,Fizz
2021-07-22 00:00:00,$18470.160000000047,Fizz
2021-07-23 00:00:00,$10113.330000000027,Fizz
2021-07-24 00:00:00,$9039.3700000000135,Fizz
2021-07-25 00:00:00,$9432.2900000000136,Fizz
2021-07-26 00:00:00,$3132.569999999998,Fizz
2021-07-27 00:00:00,$12365.330000000044,Fizz
2021-07-28 00:00:00,$9502.7200000000084,Fizz
2021-07-29 00:00:00,$11207.80000000007,Fizz
2021-07-30 00:00:00,$15087.700000000013,Fizz
2021-07-31 00:00:00,$9368.0900000000165,Fizz
2021-08-01 00:00:00,$6648.48999999999,Fizz
2021-08-02 00:00:00,$4376.1199999999981,Fizz
2021-08-03 00:00:00,$7123.1700000000164,Fizz
2021-08-04 00:00:00,$11258.590000000022,Fizz
2021-08-05 00:00:00,$14138.230000000016,Fizz
2021-08-06 00:00:00,$15458.380000000056,Fizz
2021-08-07 00:00:00,$9359.1800000000385,Fizz
2021-08-08 00:00:00,$8643.4900000000052,Fizz
2021-08-09 00:00:00,$10961.470000000008,Fizz
2021-08-10 00:00:00,$5755.0599999999922,Fizz
2021-08-11 00:00:00,$7536.94999999999,Fizz
2021-08-12 00:00:00,$11400.349999999999,Fizz
2021-08-13 00:00:00,$13819.789999999992,Fizz
2021-08-14 00:00:00,$9846.1400000000322,Fizz
2021-08-15 00:00:00,$8013.0099999999884,Fizz
2021-08-16 00:00:00,$11671.360000000026,Fizz
2021-08-17 00:00:00,$4457.70999999999,Fizz
2021-08-18 00:00:00,$6262.4699999999957,Fizz
2021-08-19 00:00:00,$6108.63999999999,Fizz
2021-08-20 00:00:00,$9811.9400000000151,Fizz
2021-08-21 00:00:00,$9403.7299999999886,Fizz
2021-08-22 00:00:00,$3402.1600000000012,Fizz
2021-08-23 00:00:00,$13496.85000000001,Fizz
2021-08-24 00:00:00,$8129.5599999999877,Fizz
2021-08-25 00:00:00,$7739.7199999999948,Fizz
2021-08-26 00:00:00,$8431.2400000000143,Fizz
2021-08-27 00:00:00,$12676.760000000007,Fizz
2021-08-28 00:00:00,$8941.5300000000061,Fizz
2021-08-29 00:00:00,$2682.7800000000011,Fizz
2021-08-30 00:00:00,$2029.649999999998,Fizz
2021-08-31 00:00:00,$2350.5799999999954,Fizz
2021-09-01 00:00:00,$3472.4099999999935,Fizz
2021-09-02 00:00:00,$7245.9600000000028,Fizz
2021-09-03 00:00:00,$11774.430000000008,Fizz
2021-09-04 00:00:00,$6414.5900000000092,Fizz
2021-09-05 00:00:00,$1975.0599999999997,Fizz
2021-09-06 00:00:00,$3531.7400000000025,Fizz
2021-09-07 00:00:00,$1671.9099999999992,Fizz
2021-09-08 00:00:00,$2481.1500000000005,Fizz
2021-09-09 00:00:00,$6883.4600000000064,Fizz
2021-09-10 00:00:00,$17716.060000000038,Fizz
2021-09-11 00:00:00,$9760.2000000000244,Fizz
2021-09-12 00:00:00,$2136.74,Fizz
2021-09-13 00:00:00,$1123.5799999999997,Fizz
2021-09-14 00:00:00,$2233.2000000000003,Fizz
2021-09-15 00:00:00,$5345.590000000003,Fizz
2021-09-16 00:00:00,$6384.4800000000041,Fizz
2021-09-17 00:00:00,$9657.9200000000183,Fizz
2021-09-18 00:00:00,$7729.6100000000224,Fizz
2021-09-19 00:00:00,$1193.1299999999999,Fizz
2021-09-20 00:00:00,$2134.960000000001,Fizz
2021-09-21 00:00:00,$4708.9900000000052,Fizz
2021-09-22 00:00:00,$7869.0200000000223,Fizz
2021-09-23 00:00:00,$3895.0600000000004,Fizz
2021-09-24 00:00:00,$4164.8200000000006,Fizz
2021-09-25 00:00:00,$18296.669999999995,Fizz
2021-09-26 00:00:00,$212.19,Fizz
2021-09-27 00:00:00,$1366.7500000000002,Fizz
2021-09-28 00:00:00,$4072.7000000000012,Fizz
2021-09-29 00:00:00,$1340.1499999999996,Fizz
2021-09-30 00:00:00,$3748.2699999999995,Fizz
2021-10-01 00:00:00,$16945.610000000048,Fizz
2021-10-02 00:00:00,$6938.6599999999953,Fizz
2021-10-03 00:00:00,$2105.3399999999997,Fizz
2021-10-04 00:00:00,$1787.8300000000004,Fizz
2021-10-05 00:00:00,$3404.3899999999962,Fizz
2021-10-06 00:00:00,$2885.32,Fizz
2021-10-07 00:00:00,$5457.759999999994,Fizz
2021-10-08 00:00:00,$12790.280000000015,Fizz
2021-10-09 00:00:00,$5571.5599999999968,Fizz
2021-10-10 00:00:00,$666.16000000000008,Fizz
2021-10-11 00:00:00,$3133.2699999999995,Fizz
2021-10-12 00:00:00,$1452.2899999999997,Fizz
2021-10-13 00:00:00,$2281.8900000000008,Fizz
2021-10-14 00:00:00,$4455.0299999999961,Fizz
2021-10-15 00:00:00,$11169.170000000016,Fizz
2021-10-16 00:00:00,$8012.5699999999924,Fizz
2021-10-17 00:00:00,$9976.9000000000415,Fizz
2021-10-18 00:00:00,$7922.9399999999823,Fizz
2021-10-19 00:00:00,$1724.4399999999994,Fizz
2021-10-20 00:00:00,$2032.21,Fizz
2021-10-21 00:00:00,$2760.2000000000003,Fizz
2021-10-22 00:00:00,$9641.310000000014,Fizz
2021-10-23 00:00:00,$5653.3699999999935,Fizz
2021-10-24 00:00:00,$2593.989999999999,Fizz
2021-10-25 00:00:00,$879.1999999999996,Fizz
2021-10-26 00:00:00,$3347.1399999999921,Fizz
2021-10-27 00:00:00,$4746.2699999999977,Fizz
2021-10-28 00:00:00,$14661.780000000039,Fizz
2021-10-29 00:00:00,$11694.00000000004,Fizz
2021-10-30 00:00:00,$8673.990000000009,Fizz
2021-10-31 00:00:00,$2793.3999999999996,Fizz
2021-11-01 00:00:00,$3542.1200000000013,Fizz
2021-11-02 00:00:00,$988.79000000000008,Fizz
2021-11-03 00:00:00,$4591.7499999999973,Fizz
2021-11-04 00:00:00,$9256.270000000015,Fizz
2021-11-05 00:00:00,$11182.860000000024,Fizz
2021-11-06 00:00:00,$6776.6099999999906,Fizz
2021-11-07 00:00:00,$547.01,Fizz
2021-11-08 00:00:00,$4318.7199999999966,Fizz
2021-11-09 00:00:00,$2573.2900000000004,Fizz
2021-11-10 00:00:00,$901.85000000000264,Fizz
2021-11-11 00:00:00,$4785.7199999999957,Fizz
2021-11-12 00:00:00,$7625.1299999999928,Fizz
2021-11-13 00:00:00,$3002.2000000000003,Fizz
2021-11-14 00:00:00,$1080.8899999999999,Fizz
2021-11-15 00:00:00,$874.00999999999988,Fizz
2021-11-16 00:00:00,$1781.0600000000006,Fizz
2021-11-17 00:00:00,$1749.700000000001,Fizz
2021-11-18 00:00:00,$2426.5399999999968,Fizz
2021-11-19 00:00:00,$4028.2300000000014,Fizz
2021-11-20 00:00:00,$14503.630000000008,Fizz
2021-11-21 00:00:00,$344.38999999999908,Fizz
2021-11-22 00:00:00,$1580.15,Fizz
2021-11-23 00:00:00,$916.80000000000064,Fizz
2021-11-24 00:00:00,$3660.3700000000017,Fizz
2021-11-25 00:00:00,$87186.28,Fizz
2021-11-26 00:00:00,$9901.680000000013,Fizz
2021-11-27 00:00:00,$3269.0600000000004,Fizz
2021-11-28 00:00:00,$10438.990000000023,Fizz
2021-11-29 00:00:00,$10348.070000000005,Fizz
2021-11-30 00:00:00,$8515.7200000000048,Fizz
2021-12-01 00:00:00,$6764.2400000000052,Fizz
2021-12-02 00:00:00,$10471.450000000026,Fizz
2021-12-03 00:00:00,$7432.019999999986,Fizz
2021-12-04 00:00:00,$3944.7700000000027,Fizz
2021-12-05 00:00:00,$1609.7299999999998,Fizz
2021-12-06 00:00:00,$1182.7499999999995,Fizz
2021-12-07 00:00:00,$1266.23,Fizz
2021-12-08 00:00:00,$1670.5999999999995,Fizz
2021-12-09 00:00:00,$3863.01,Fizz
2021-12-10 00:00:00,$4004.7500000000027,Fizz
2021-12-11 00:00:00,$4222.1800000000021,Fizz
2021-12-12 00:00:00,$1630.6100000000004,Fizz
2021-12-13 00:00:00,$14347.410000000022,Fizz
2021-12-14 00:00:00,$767.99000000000035,Fizz
2021-12-15 00:00:00,$3097.6499999999951,Fizz
2021-12-16 00:00:00,$1860.209999999999,Fizz
2021-12-17 00:00:00,$4153.48,Fizz
2021-12-18 00:00:00,$7163.4999999999936,Fizz
2021-12-19 00:00:00,$3320.2400000000021,Fizz
2021-12-20 00:00:00,$572.26,Fizz
2021-12-21 00:00:00,$1174.9199999999998,Fizz
2021-12-22 00:00:00,$448.75000000000006,Fizz
2021-12-23 00:00:00,$2736.7800000000011,Fizz
2021-12-24 00:00:00,$5033.8799999999947,Fizz
2021-12-25 00:00:00,$3383.8300000000013,Fizz
2021-12-26 00:00:00,$14452.840000000006,Fizz
2021-12-27 00:00:00,$6441.7499999999891,Fizz
2021-12-28 00:00:00,$6381.57999999999,Fizz
2021-12-29 00:00:00,$5172.7900000000072,Fizz
2021-12-30 00:00:00,$3897.8599999999924,Fizz
2021-12-31 00:00:00,$3518.6200000000003,Fizz
2022-01-01 00:00:00,$6040.430000000004,Fizz
2022-01-02 00:00:00,$1425.3700000000013,Fizz
2022-01-03 00:00:00,$1817.6199999999997,Fizz
2022-01-04 00:00:00,$753.13,Fizz
2022-01-05 00:00:00,$979.17999999999972,Fizz
2022-01-06 00:00:00,$2893.2400000000021,Fizz
2022-01-07 00:00:00,$4562.040000000001,Fizz
2022-01-08 00:00:00,$2548.8300000000013,Fizz
2022-01-09 00:00:00,$4846.420000000001,Fizz
2022-01-10 00:00:00,$6745.5400000000027,Fizz
2022-01-11 00:00:00,$6761.2599999999966,Fizz
2022-01-12 00:00:00,$4475.1999999999962,Fizz
2022-01-13 00:00:00,$3451.6699999999973,Fizz
2022-01-14 00:00:00,$2358.4400000000005,Fizz
2022-01-15 00:00:00,$328.68000000000006,Fizz
2022-01-16 00:00:00,$3937.5699999999965,Fizz
2022-01-17 00:00:00,$333.95000000000005,Fizz
2022-01-18 00:00:00,$544.4,Fizz
2022-01-19 00:00:00,$1639.3000000000009,Fizz
2022-01-20 00:00:00,$1543.5700000000013,Fizz
2022-01-21 00:00:00,$2328.0200000000004,Fizz
2022-01-22 00:00:00,$673.94999999999982,Fizz
2022-01-23 00:00:00,$162.62999999999997,Fizz
2022-01-24 00:00:00,$511.3599999999999,Fizz
2022-01-25 00:00:00,$476.54000000000008,Fizz
2022-01-26 00:00:00,$432.2299999999999,Fizz
2022-01-27 00:00:00,$4266.47,Fizz
2022-01-28 00:00:00,$3761.1800000000017,Fizz
2022-01-29 00:00:00,$3572.5099999999993,Fizz
2022-01-30 00:00:00,$275.7,Fizz
2022-01-31 00:00:00,$300.89000000000004,Fizz
2022-02-01 00:00:00,$3290.69,Fizz
2022-02-02 00:00:00,$6954.44,Fizz
2022-02-03 00:00:00,$5674.3899999999994,Fizz
2022-02-04 00:00:00,$5539.2699999999968,Fizz
2022-02-05 00:00:00,$2008.0199999999991,Fizz
2022-02-06 00:00:00,$806.20000000000027,Fizz
2022-02-07 00:00:00,$308.70000000000005,Fizz
2018-04-12 00:00:00,$40,Doos
2018-05-06 00:00:00,$14.28,Doos
2018-05-27 00:00:00,$4.76,Doos
2018-06-11 00:00:00,$9.52,Doos
2018-06-27 00:00:00,($42.400000000000013),Doos
2018-06-28 00:00:00,$152.38,Doos
2018-07-09 00:00:00,$152.38,Doos
2018-07-18 00:00:00,$14579.650000000003,Doos
2018-07-19 00:00:00,$11881.009999999997,Doos
2018-07-20 00:00:00,$13970.950000000004,Doos
2018-07-21 00:00:00,$10007.754760000005,Doos
2018-07-22 00:00:00,$5032.2547600000025,Doos
2018-07-23 00:00:00,$6389.100000000005,Doos
2018-07-24 00:00:00,$16172.729999999989,Doos
2018-07-25 00:00:00,$16499.25999999998,Doos
2018-07-26 00:00:00,$17085.22,Doos
2018-07-27 00:00:00,$16396.300000000003,Doos
2018-07-28 00:00:00,$15574.03,Doos
2018-07-29 00:00:00,$7262.85,Doos
2018-07-30 00:00:00,$11354.76,Doos
2018-07-31 00:00:00,$13497.06,Doos
2018-08-01 00:00:00,$10976.01,Doos
2018-08-02 00:00:00,$15581.56,Doos
2018-08-03 00:00:00,$17866.680000000004,Doos
2018-08-04 00:00:00,$14290.66,Doos
2018-08-05 00:00:00,$8355.2300000000032,Doos
2018-08-06 00:00:00,$6247.6200000000008,Doos
2018-08-07 00:00:00,$7659.08,Doos
2018-08-08 00:00:00,$15657.079999999996,Doos
2018-08-09 00:00:00,$7548.5899999999992,Doos
2018-08-10 00:00:00,$16177.329999999998,Doos
2018-08-11 00:00:00,$8898.670000000002,Doos
2018-08-12 00:00:00,$6316.1900000000005,Doos
2018-08-13 00:00:00,$14917.119999999999,Doos
2018-08-14 00:00:00,$8575.619999999999,Doos
2018-08-15 00:00:00,$17445.670000000002,Doos
2018-08-16 00:00:00,$15439.02,Doos
2018-08-17 00:00:00,$14188.58,Doos
2018-08-18 00:00:00,$14123.809999999998,Doos
2018-08-19 00:00:00,$10717.134759999999,Doos
2018-08-20 00:00:00,$8409.5,Doos
2018-08-21 00:00:00,$5242.87,Doos
2018-08-22 00:00:00,$13579.010000000004,Doos
2018-08-23 00:00:00,$16427.829999999998,Doos
2018-08-24 00:00:00,$10620.960000000001,Doos
2018-08-25 00:00:00,$8100.0100000000011,Doos
2018-08-26 00:00:00,$4732.38,Doos
2018-08-27 00:00:00,$8262.84,Doos
2018-08-28 00:00:00,$7835.8200000000015,Doos
2018-08-29 00:00:00,$23880.200000000008,Doos
2018-08-30 00:00:00,$15938.67,Doos
2018-08-31 00:00:00,$11158.100000000002,Doos
2018-09-01 00:00:00,$3643.7999999999997,Doos
2018-09-02 00:00:00,$3593.3399999999997,Doos
2018-09-03 00:00:00,$1818.1,Doos
2018-09-04 00:00:00,$4147.64,Doos
2018-09-05 00:00:00,$12547.609999999999,Doos
2018-09-06 00:00:00,$10476.969999999998,Doos
2018-09-07 00:00:00,$24206.720000000008,Doos
2018-09-08 00:00:00,$7664.7400000000007,Doos
2018-09-09 00:00:00,$3049.5200000000004,Doos
2018-09-10 00:00:00,$4722.8600000000006,Doos
2018-09-11 00:00:00,$7034.3000000000011,Doos
2018-09-12 00:00:00,$12782.29,Doos
2018-09-13 00:00:00,$10888.690000000006,Doos
2018-09-14 00:00:00,$13407.600000000002,Doos
2018-09-15 00:00:00,$3773.3300000000008,Doos
2018-09-16 00:00:00,$2423.7999999999997,Doos
2018-09-17 00:00:00,$7613.3200000000006,Doos
2018-09-18 00:00:00,$1211.44,Doos
2018-09-19 00:00:00,$11863.81,Doos
2018-09-20 00:00:00,$7769.5,Doos
2018-09-21 00:00:00,$12727.560000000003,Doos
2018-09-22 00:00:00,$14226.589999999976,Doos
2018-09-23 00:00:00,$7803.0100000000175,Doos
2018-09-24 00:00:00,$15123.829999999989,Doos
2018-09-25 00:00:00,$17174.804759999985,Doos
2018-09-26 00:00:00,$5220.1,Doos
2018-09-27 00:00:00,$7874.24,Doos
2018-09-28 00:00:00,$13738.090000000004,Doos
2018-09-29 00:00:00,$3898.09,Doos
2018-09-30 00:00:00,$1042.09,Doos
2018-10-01 00:00:00,$17645.2,Doos
2018-10-02 00:00:00,$9068.309999999994,Doos
2018-10-03 00:00:00,$13179.089999999993,Doos
2018-10-04 00:00:00,$12449.61999999999,Doos
2018-10-05 00:00:00,$9290.5300000000043,Doos
2018-10-06 00:00:00,$10257.740000000005,Doos
2018-10-07 00:00:00,$2391.4,Doos
2018-10-08 00:00:00,$4373.000000000001,Doos
2018-10-09 00:00:00,$12102.18,Doos
2018-10-10 00:00:00,$7750,Doos
2018-10-11 00:00:00,$8419.889999999994,Doos
2018-10-12 00:00:00,$11105.590000000002,Doos
2018-10-13 00:00:00,$8961.699999999999,Doos
2018-10-14 00:00:00,$4084.9300000000003,Doos
2018-10-15 00:00:00,$8959.8700000000063,Doos
2018-10-16 00:00:00,$7952.9299999999866,Doos
2018-10-17 00:00:00,$18961.209999999985,Doos
2018-10-18 00:00:00,$13265.58999999999,Doos
2018-10-19 00:00:00,$13676.86,Doos
2018-10-20 00:00:00,$11562.429999999998,Doos
2018-10-21 00:00:00,$2489.5300000000007,Doos
2018-10-22 00:00:00,$8084.7799999999861,Doos
2018-10-23 00:00:00,$8119.0499999999956,Doos
2018-10-24 00:00:00,$14273.369999999997,Doos
2018-10-25 00:00:00,$6490.4400000000041,Doos
2018-10-26 00:00:00,$11728.500000000004,Doos
2018-10-27 00:00:00,$14469.449999999999,Doos
2018-10-28 00:00:00,$14207.59,Doos
2018-10-29 00:00:00,$6193.2100000000082,Doos
2018-10-30 00:00:00,$3665.7100000000014,Doos
2018-10-31 00:00:00,$17955.190000000006,Doos
2018-11-01 00:00:00,$17462.199999999964,Doos
2018-11-02 00:00:00,$15428.809999999994,Doos
2018-11-03 00:00:00,$14583.789999999999,Doos
2018-11-04 00:00:00,$6529.079999999989,Doos
2018-11-05 00:00:00,$11141.99,Doos
2018-11-06 00:00:00,$7072.899999999986,Doos
2018-11-07 00:00:00,$5187.8200000000006,Doos
2018-11-08 00:00:00,$8143.8,Doos
2018-11-09 00:00:00,$12575.21,Doos
2018-11-10 00:00:00,$6720,Doos
2018-11-11 00:00:00,$4484.720000000004,Doos
2018-11-12 00:00:00,$4350.33476,Doos
2018-11-13 00:00:00,$5133.4699999999957,Doos
2018-11-14 00:00:00,$8508.7199999999975,Doos
2018-11-15 00:00:00,$9409.5699999999852,Doos
2018-11-16 00:00:00,$13721.860000000004,Doos
2018-11-17 00:00:00,$13728.579999999998,Doos
2018-11-18 00:00:00,$3714.3800000000006,Doos
2018-11-19 00:00:00,$7911.2599999999984,Doos
2018-11-20 00:00:00,$8083.2699999999832,Doos
2018-11-21 00:00:00,$45584.509999999995,Doos
2018-11-22 00:00:00,$24908.80999999998,Doos
2018-11-23 00:00:00,$8212.3100000000031,Doos
2018-11-24 00:00:00,$5942.8600000000006,Doos
2018-11-25 00:00:00,$5075.4999999999991,Doos
2018-11-26 00:00:00,$19230.169999999991,Doos
2018-11-27 00:00:00,$8673.6600000000017,Doos
2018-11-28 00:00:00,$20565.730000000007,Doos
2018-11-29 00:00:00,$11248.070000000003,Doos
2018-11-30 00:00:00,$16918.980000000007,Doos
2018-12-01 00:00:00,$16533.31,Doos
2018-12-02 00:00:00,$26608.640000000003,Doos
2018-12-03 00:00:00,$33842.49000000005,Doos
2018-12-04 00:00:00,$13234.299999999997,Doos
2018-12-05 00:00:00,$45681.009999999995,Doos
2018-12-06 00:00:00,$23249.569999999982,Doos
2018-12-07 00:00:00,$31083.699999999993,Doos
2018-12-08 00:00:00,$30208.57,Doos
2018-12-09 00:00:00,$17098.449999999972,Doos
2018-12-10 00:00:00,$13029.140000000029,Doos
2018-12-11 00:00:00,$31617.10000000001,Doos
2018-12-12 00:00:00,$27228.819999999996,Doos
2018-12-13 00:00:00,$31114.349999999988,Doos
2018-12-14 00:00:00,$26694.219999999994,Doos
2018-12-15 00:00:00,$8133.3399999999992,Doos
2018-12-16 00:00:00,$2417.1599999999994,Doos
2018-12-17 00:00:00,$8774.0499999999956,Doos
2018-12-18 00:00:00,$7609.420000000001,Doos
2018-12-19 00:00:00,$14412.949999999968,Doos
2018-12-20 00:00:00,$13563.119999999961,Doos
2018-12-21 00:00:00,$12701.769999999971,Doos
2018-12-22 00:00:00,$16369.280000000026,Doos
2018-12-23 00:00:00,$12932.170000000006,Doos
2018-12-24 00:00:00,$22065.64000000001,Doos
2018-12-25 00:00:00,$13244.399999999998,Doos
2018-12-26 00:00:00,$32302.070000000018,Doos
2018-12-27 00:00:00,$13728.899999999972,Doos
2018-12-28 00:00:00,$15467.079999999967,Doos
2018-12-29 00:00:00,$25944.790000000005,Doos
2018-12-30 00:00:00,$19813.874760000032,Doos
2018-12-31 00:00:00,$34933.93000000011,Doos
2019-01-01 00:00:00,$15530.47000000001,Doos
2019-01-02 00:00:00,$37278.77000000012,Doos
2019-01-03 00:00:00,$22685.340000000026,Doos
2019-01-04 00:00:00,$17588.679999999957,Doos
2019-01-05 00:00:00,$28968.780000000072,Doos
2019-01-06 00:00:00,$8162.7299999999987,Doos
2019-01-07 00:00:00,$23779.270000000128,Doos
2019-01-08 00:00:00,$2497.9899999999993,Doos
2019-01-09 00:00:00,$14409.189999999975,Doos
2019-01-10 00:00:00,$24589.130000000056,Doos
2019-01-11 00:00:00,$57263.710000000006,Doos
2019-01-12 00:00:00,$13428.059999999974,Doos
2019-01-13 00:00:00,$5642.7099999999982,Doos
2019-01-14 00:00:00,$13300.529999999988,Doos
2019-01-15 00:00:00,$12661.730000000001,Doos
2019-01-16 00:00:00,$6496.0099999999957,Doos
2019-01-17 00:00:00,$9739.679999999984,Doos
2019-01-18 00:00:00,$20131.209999999974,Doos
2019-01-19 00:00:00,$9409.1599999999853,Doos
2019-01-20 00:00:00,$4496.9999999999991,Doos
2019-01-21 00:00:00,$7409.359999999996,Doos
2019-01-22 00:00:00,$23403.360000000008,Doos
2019-01-23 00:00:00,$13701.649999999989,Doos
2019-01-24 00:00:00,$25911.053330000061,Doos
2019-01-25 00:00:00,$22051.310000000016,Doos
2019-01-26 00:00:00,$4416.7500000000018,Doos
2019-01-27 00:00:00,$12617.92,Doos
2019-01-28 00:00:00,$10987.289999999995,Doos
2019-01-29 00:00:00,$8158.9,Doos
2019-01-30 00:00:00,$9734.2899999999845,Doos
2019-01-31 00:00:00,$22562.239999999998,Doos
2019-02-01 00:00:00,$21074.040000000005,Doos
2019-02-02 00:00:00,$5228.37,Doos
2019-02-03 00:00:00,$17248.440000000002,Doos
2019-02-04 00:00:00,$15783.269999999995,Doos
2019-02-05 00:00:00,$5870.3799999999992,Doos
2019-02-06 00:00:00,$18369.350000000017,Doos
2019-02-07 00:00:00,$13320.539999999981,Doos
2019-02-08 00:00:00,$28925.470000000023,Doos
2019-02-09 00:00:00,$20495.100000000031,Doos
2019-02-10 00:00:00,$10983.649999999991,Doos
2019-02-11 00:00:00,$11581.509999999991,Doos
2019-02-12 00:00:00,$4365.619999999999,Doos
2019-02-13 00:00:00,$6854.0799999999936,Doos
2019-02-14 00:00:00,$16811.949999999964,Doos
2019-02-15 00:00:00,$21077.793330000004,Doos
2019-02-16 00:00:00,$8457.739999999989,Doos
2019-02-17 00:00:00,$8493.5099999999875,Doos
2019-02-18 00:00:00,$12993.059999999994,Doos
2019-02-19 00:00:00,$13692.249999999987,Doos
2019-02-20 00:00:00,$5113.2099999999991,Doos
2019-02-21 00:00:00,$11979.689999999977,Doos
2019-02-22 00:00:00,$20011.369999999988,Doos
2019-02-23 00:00:00,$3996.060000000001,Doos
2019-02-24 00:00:00,$2582.7900000000004,Doos
2019-02-25 00:00:00,$16295.050000000007,Doos
2019-02-26 00:00:00,$14808.399999999994,Doos
2019-02-27 00:00:00,$12395.093329999987,Doos
2019-02-28 00:00:00,$14965.249999999965,Doos
2019-03-01 00:00:00,$22030.170000000013,Doos
2019-03-02 00:00:00,$6733.139999999994,Doos
2019-03-03 00:00:00,$10506.529999999997,Doos
2019-03-04 00:00:00,$15302.579999999994,Doos
2019-03-05 00:00:00,$13512.67000000001,Doos
2019-03-06 00:00:00,$12702.62999999998,Doos
2019-03-07 00:00:00,$11919.70999999997,Doos
2019-03-08 00:00:00,$22525.340000000026,Doos
2019-03-09 00:00:00,$10134.899999999998,Doos
2019-03-10 00:00:00,$14316.920000000004,Doos
2019-03-11 00:00:00,$14794.829999999982,Doos
2019-03-12 00:00:00,$13491.380000000014,Doos
2019-03-13 00:00:00,$11032.189999999979,Doos
2019-03-14 00:00:00,$12610.139999999976,Doos
2019-03-15 00:00:00,$22331.059999999976,Doos
2019-03-16 00:00:00,$5892.159999999999,Doos
2019-03-17 00:00:00,$17754.060000000052,Doos
2019-03-18 00:00:00,$6323.6199999999963,Doos
2019-03-19 00:00:00,$9279.5399999999936,Doos
2019-03-20 00:00:00,$6067.4999999999955,Doos
2019-03-21 00:00:00,$18490.969999999958,Doos
2019-03-22 00:00:00,$21092.07,Doos
2019-03-23 00:00:00,$8916.90999999999,Doos
2019-03-24 00:00:00,$6310.4099999999971,Doos
2019-03-25 00:00:00,$8121.7299999999977,Doos
2019-03-26 00:00:00,$6985.6100000000006,Doos
2019-03-27 00:00:00,$12805.499999999971,Doos
2019-03-28 00:00:00,$9128.2499999999854,Doos
2019-03-29 00:00:00,$19258.73999999998,Doos
2019-03-30 00:00:00,$2980.8500000000008,Doos
2019-03-31 00:00:00,$9257.029999999988,Doos
2019-04-01 00:00:00,$9644.5199999999913,Doos
2019-04-02 00:00:00,$6953.6499999999978,Doos
2019-04-03 00:00:00,$12304.419999999978,Doos
2019-04-04 00:00:00,$10227.459999999986,Doos
2019-04-05 00:00:00,$23826.579999999987,Doos
2019-04-06 00:00:00,$7063.5399999999936,Doos
2019-04-07 00:00:00,$15736.91999999999,Doos
2019-04-08 00:00:00,$10255.569999999982,Doos
2019-04-10 00:00:00,$1894.6500000000003,Doos
2019-04-11 00:00:00,$11819.289999999979,Doos
2019-04-12 00:00:00,$17563.419999999966,Doos
2019-04-13 00:00:00,$5516.109999999997,Doos
2019-04-14 00:00:00,$4412.8099999999995,Doos
2019-04-15 00:00:00,$4263.6499999999978,Doos
2019-04-16 00:00:00,$16778.51999999999,Doos
2019-04-17 00:00:00,$9172.2200000000012,Doos
2019-04-18 00:00:00,$16317.050000000003,Doos
2019-04-19 00:00:00,$20846.449999999997,Doos
2019-04-20 00:00:00,$2139.9399999999996,Doos
2019-04-21 00:00:00,$2726.6,Doos
2019-04-22 00:00:00,$5783.1866399999981,Doos
2019-04-23 00:00:00,$7142.2899999999963,Doos
2019-04-24 00:00:00,$10224.579999999996,Doos
2019-04-25 00:00:00,$4360.1299999999965,Doos
2019-04-26 00:00:00,$13368.319999999998,Doos
2019-04-27 00:00:00,$5602.2299999999977,Doos
2019-04-28 00:00:00,$6817.9299999999994,Doos
2019-04-29 00:00:00,$25390.04000000014,Doos
2019-04-30 00:00:00,$20187.050000000003,Doos
2019-05-01 00:00:00,$25074.42000000014,Doos
2019-05-02 00:00:00,$24601.960000000141,Doos
2019-05-03 00:00:00,$19322.374759999988,Doos
2019-05-04 00:00:00,$22148.870000000086,Doos
2019-05-05 00:00:00,$14525.54,Doos
2019-05-06 00:00:00,$3460.8899999999985,Doos
2019-05-07 00:00:00,$5189.4233300000005,Doos
2019-05-08 00:00:00,$4161.7999999999993,Doos
2019-05-09 00:00:00,$2389.469999999999,Doos
2019-05-10 00:00:00,$12489.310000000001,Doos
2019-05-11 00:00:00,$5390.359999999998,Doos
2019-05-12 00:00:00,$6492.25,Doos
2019-05-13 00:00:00,$5008.3699999999972,Doos
2019-05-14 00:00:00,$8237.96,Doos
2019-05-15 00:00:00,$7922.5899999999965,Doos
2019-05-16 00:00:00,$5976.0399999999981,Doos
2019-05-17 00:00:00,$8811.25,Doos
2019-05-18 00:00:00,$6040.8599999999988,Doos
2019-05-19 00:00:00,$5275.14,Doos
2019-05-20 00:00:00,$5957.939999999997,Doos
2019-05-21 00:00:00,$8255.1299999999974,Doos
2019-05-22 00:00:00,$5239.7999999999984,Doos
2019-05-23 00:00:00,$7618.819999999997,Doos
2019-05-24 00:00:00,$10443.619999999995,Doos
2019-05-25 00:00:00,$4232.2499999999982,Doos
2019-05-26 00:00:00,$7583.3000000000038,Doos
2019-05-27 00:00:00,$2518.9599999999991,Doos
2019-05-28 00:00:00,$8043.7000000000025,Doos
2019-05-29 00:00:00,$3171.3499999999985,Doos
2019-05-30 00:00:00,$3851.3099999999981,Doos
2019-05-31 00:00:00,$5235.17,Doos
2019-06-01 00:00:00,$4950.4199999999973,Doos
2019-06-02 00:00:00,$7133.2700000000013,Doos
2019-06-04 00:00:00,$2778.0099999999993,Doos
2019-06-05 00:00:00,$10371.109999999995,Doos
2019-06-06 00:00:00,$5929.369999999999,Doos
2019-06-07 00:00:00,$13848.260000000007,Doos
2019-06-08 00:00:00,$16538.459999999981,Doos
2019-06-09 00:00:00,$9585.569999999998,Doos
2019-06-10 00:00:00,$15492.829999999982,Doos
2019-06-11 00:00:00,$9938.8699999999953,Doos
2019-06-12 00:00:00,$14850.009999999987,Doos
2019-06-13 00:00:00,$11458.639999999989,Doos
2019-06-14 00:00:00,$15363.53,Doos
2019-06-15 00:00:00,$16490.609999999986,Doos
2019-06-16 00:00:00,$12194.089999999993,Doos
2019-06-17 00:00:00,$15414.779999999984,Doos
2019-06-18 00:00:00,$13156.279999999999,Doos
2019-06-19 00:00:00,$16609.869999999981,Doos
2019-06-20 00:00:00,$16143.30999999999,Doos
2019-06-21 00:00:00,$16814.800000000003,Doos
2019-06-22 00:00:00,$17307.989999999987,Doos
2019-06-23 00:00:00,$11962.569999999996,Doos
2019-06-24 00:00:00,$15963.249999999985,Doos
2019-06-25 00:00:00,$14940.239999999993,Doos
2019-06-26 00:00:00,$16359.539999999988,Doos
2019-06-27 00:00:00,$18890.76000000002,Doos
2019-06-28 00:00:00,$14387.219999999987,Doos
2019-06-29 00:00:00,$16897.4,Doos
2019-06-30 00:00:00,$11938.749999999995,Doos
2019-07-01 00:00:00,$19166.900000000045,Doos
2019-07-02 00:00:00,$13764.409999999996,Doos
2019-07-03 00:00:00,$17469.880000000012,Doos
2019-07-04 00:00:00,$20463.030000000061,Doos
2019-07-05 00:00:00,$17632.840000000015,Doos
2019-07-06 00:00:00,$17787.87000000001,Doos
2019-07-07 00:00:00,$11494.999999999993,Doos
2019-07-08 00:00:00,$17145.039999999994,Doos
2019-07-09 00:00:00,$19323.510000000006,Doos
2019-07-10 00:00:00,$19914.500000000051,Doos
2019-07-11 00:00:00,$16483.209999999977,Doos
2019-07-12 00:00:00,$16446.129999999997,Doos
2019-07-13 00:00:00,$18889.81000000003,Doos
2019-07-14 00:00:00,$21894.930000000048,Doos
2019-07-15 00:00:00,$19238.400000000031,Doos
2019-07-16 00:00:00,$15543.580000000004,Doos
2019-07-17 00:00:00,$16563.139999999978,Doos
2019-07-18 00:00:00,$18034.690000000002,Doos
2019-07-19 00:00:00,$13217.739999999985,Doos
2019-07-20 00:00:00,$17221.44,Doos
2019-07-21 00:00:00,$10102.689999999993,Doos
2019-07-22 00:00:00,$13673.839999999987,Doos
2019-07-23 00:00:00,$7872.199999999998,Doos
2019-07-24 00:00:00,$10214.879999999992,Doos
2019-07-25 00:00:00,$15743.199999999984,Doos
2019-07-26 00:00:00,$14885.269999999997,Doos
2019-07-27 00:00:00,$17961.140000000003,Doos
2019-07-28 00:00:00,$14642.7,Doos
2019-07-29 00:00:00,$17026.059999999998,Doos
2019-07-30 00:00:00,$14085.219999999994,Doos
2019-07-31 00:00:00,$18340.210000000017,Doos
2019-08-01 00:00:00,$15834.669999999978,Doos
2019-08-02 00:00:00,$16439.58999999999,Doos
2019-08-03 00:00:00,$18687.880000000016,Doos
2019-08-04 00:00:00,$13191.999999999993,Doos
2019-08-05 00:00:00,$19511.660000000051,Doos
2019-08-06 00:00:00,$24744.750000000022,Doos
2019-08-07 00:00:00,$16654.609999999986,Doos
2019-08-08 00:00:00,$11985.649999999992,Doos
2019-08-09 00:00:00,$11976.77999999999,Doos
2019-08-11 00:00:00,$9795.35,Doos
2019-08-12 00:00:00,$19132.600000000042,Doos
2019-08-13 00:00:00,$18786.960000000025,Doos
2019-08-14 00:00:00,$20028.78000000004,Doos
2019-08-15 00:00:00,$16958.37,Doos
2019-08-16 00:00:00,$15906.209999999992,Doos
2019-08-17 00:00:00,$17414.65,Doos
2019-08-18 00:00:00,$8464.5099999999984,Doos
2019-08-19 00:00:00,$17229.81999999999,Doos
2019-08-20 00:00:00,$7884.5500000000011,Doos
2019-08-21 00:00:00,$13141.679999999993,Doos
2019-08-22 00:00:00,$13308.079999999985,Doos
2019-08-23 00:00:00,$12097.679999999986,Doos
2019-08-24 00:00:00,$15401.289999999992,Doos
2019-08-25 00:00:00,$6731.2499999999991,Doos
2019-08-26 00:00:00,$16237.399999999978,Doos
2019-08-27 00:00:00,$17968.289999999997,Doos
2019-08-28 00:00:00,$17114.53,Doos
2019-08-29 00:00:00,$15170.76999999998,Doos
2019-08-30 00:00:00,$18111.790000000008,Doos
2019-08-31 00:00:00,$11131.969999999996,Doos
2019-09-01 00:00:00,$3381.5199999999986,Doos
2019-09-02 00:00:00,$5142.6799999999976,Doos
2019-09-03 00:00:00,$14569.419999999995,Doos
2019-09-04 00:00:00,$6355.9499999999971,Doos
2019-09-05 00:00:00,$7676.859999999996,Doos
2019-09-06 00:00:00,$14446.239999999993,Doos
2019-09-07 00:00:00,$9561.619999999999,Doos
2019-09-08 00:00:00,$2194.909999999999,Doos
2019-09-09 00:00:00,$2579.3799999999992,Doos
2019-09-10 00:00:00,$2586.61,Doos
2019-09-11 00:00:00,$3179.7099999999987,Doos
2019-09-12 00:00:00,$6789.2599999999957,Doos
2019-09-14 00:00:00,$2987.5099999999993,Doos
2019-09-15 00:00:00,$1131.39,Doos
2019-09-16 00:00:00,$1727.5499999999995,Doos
2019-09-17 00:00:00,$468.86000000000007,Doos
2019-09-18 00:00:00,$1632.3299999999995,Doos
2019-09-19 00:00:00,$7858.769999999995,Doos
2019-09-20 00:00:00,$14647.359999999999,Doos
2019-09-21 00:00:00,$15547.479999999989,Doos
2019-09-22 00:00:00,$17413.880000000008,Doos
2019-09-23 00:00:00,$4617.9500000000053,Doos
2019-09-24 00:00:00,$3894.2100000000041,Doos
2019-09-25 00:00:00,$4048.5000000000055,Doos
2019-09-26 00:00:00,$12543.790000000015,Doos
2019-09-27 00:00:00,$16481.72999999999,Doos
2019-09-28 00:00:00,$12823.700000000006,Doos
2019-09-29 00:00:00,$2611.4100000000003,Doos
2019-09-30 00:00:00,$68760.01,Doos
2019-10-01 00:00:00,$3803.8599999999988,Doos
2019-10-02 00:00:00,$6935.4300000000067,Doos
2019-10-03 00:00:00,$16273.370000000008,Doos
2019-10-04 00:00:00,$14181.71999999997,Doos
2019-10-05 00:00:00,$13348.47999999999,Doos
2019-10-06 00:00:00,$3466.699999999999,Doos
2019-10-07 00:00:00,$664.75999999999988,Doos
2019-10-08 00:00:00,$2952.38,Doos
2019-10-09 00:00:00,$9644.0400000000172,Doos
2019-10-10 00:00:00,$10482.790000000008,Doos
2019-10-11 00:00:00,$15030.440000000008,Doos
2019-10-12 00:00:00,$10046.610000000008,Doos
2019-10-13 00:00:00,$6251.6499999999987,Doos
2019-10-14 00:00:00,$1510.4899999999993,Doos
2019-10-15 00:00:00,$4295.2799999999988,Doos
2019-10-16 00:00:00,$1647.6199999999994,Doos
2019-10-17 00:00:00,$8218.95,Doos
2019-10-18 00:00:00,$10799.960000000006,Doos
2019-10-19 00:00:00,$7386.630000000011,Doos
2019-10-20 00:00:00,$14662.389999999983,Doos
2019-10-21 00:00:00,$6481.7899999999972,Doos
2019-10-22 00:00:00,$5236.1499999999987,Doos
2019-10-23 00:00:00,$7455.3999999999987,Doos
2019-10-24 00:00:00,$6771.5500000000056,Doos
2019-10-25 00:00:00,$13869.470000000016,Doos
2019-10-26 00:00:00,$9804.75,Doos
2019-10-27 00:00:00,$2582.7899999999986,Doos
2019-10-28 00:00:00,$2927.6499999999987,Doos
2019-10-29 00:00:00,$4921.8799999999983,Doos
2019-10-30 00:00:00,$6374.3099999999977,Doos
2019-10-31 00:00:00,$4511.41,Doos
2019-11-01 00:00:00,$12987.630000000016,Doos
2019-11-02 00:00:00,$7559.050000000013,Doos
2019-11-03 00:00:00,$4071.409999999999,Doos
2019-11-04 00:00:00,$4260.8099999999986,Doos
2019-11-05 00:00:00,$4123.760000000002,Doos
2019-11-06 00:00:00,$1676.2199999999996,Doos
2019-11-07 00:00:00,$5868.4199999999973,Doos
2019-11-08 00:00:00,$11466.620000000012,Doos
2019-11-09 00:00:00,$6147.610000000008,Doos
2019-11-10 00:00:00,$5289.3999999999987,Doos
2019-11-11 00:00:00,$4252.2999999999975,Doos
2019-11-12 00:00:00,$6801.8299999999972,Doos
2019-11-13 00:00:00,$4652.4999999999973,Doos
2019-11-14 00:00:00,$5189.3899999999976,Doos
2019-11-15 00:00:00,$6860.9200000000055,Doos
2019-11-16 00:00:00,$6480.0100000000057,Doos
2019-11-17 00:00:00,$2798.1199999999994,Doos
2019-11-18 00:00:00,$173.33,Doos
2019-11-19 00:00:00,$3504.7000000000016,Doos
2019-12-24 00:00:00,$0,Doos
2020-01-15 00:00:00,$0,Doos
2020-01-16 00:00:00,$4167.6499999999987,Doos
2020-01-17 00:00:00,$9089.299999999983,Doos
2020-01-18 00:00:00,$20068.600000000057,Doos
2020-01-19 00:00:00,$1600.01,Doos
2020-01-20 00:00:00,$838.09999999999991,Doos
2020-01-21 00:00:00,$1401.9299999999998,Doos
2020-01-22 00:00:00,$1988.6099999999992,Doos
2020-01-23 00:00:00,$3961.9200000000005,Doos
2020-01-24 00:00:00,$11203.820000000011,Doos
2020-01-25 00:00:00,$6371.4500000000071,Doos
2020-01-26 00:00:00,$3100.8800000000015,Doos
2020-01-27 00:00:00,$1266.64,Doos
2020-01-28 00:00:00,$21152.380000000048,Doos
2020-01-29 00:00:00,$929.51,Doos
2020-01-30 00:00:00,$3133.3299999999995,Doos
2020-01-31 00:00:00,$13493.249999999995,Doos
2020-02-01 00:00:00,$8365.7000000000062,Doos
2020-02-02 00:00:00,$411.44,Doos
2020-02-03 00:00:00,$487.6,Doos
2020-02-04 00:00:00,$3352.389999999999,Doos
2020-02-05 00:00:00,$1638.1299999999997,Doos
2020-02-06 00:00:00,$6400.050000000002,Doos
2020-02-07 00:00:00,$13470.400000000011,Doos
2020-02-08 00:00:00,$7670.4500000000053,Doos
2020-02-09 00:00:00,$1895.2399999999993,Doos
2020-02-10 00:00:00,$1076.21,Doos
2020-02-11 00:00:00,$4243.689999999997,Doos
2020-02-12 00:00:00,$167.62,Doos
2020-02-13 00:00:00,$3687.6399999999994,Doos
2020-02-14 00:00:00,$11914.180000000011,Doos
2020-02-15 00:00:00,$4727.6100000000006,Doos
2020-02-16 00:00:00,$2053.3699999999994,Doos
2020-02-17 00:00:00,$102.86,Doos
2020-02-18 00:00:00,$5234.899999999997,Doos
2020-02-19 00:00:00,$6142.659999999999,Doos
2020-02-20 00:00:00,$2401.9,Doos
2020-02-21 00:00:00,$12817.040000000005,Doos
2020-02-22 00:00:00,$3049.3100000000004,Doos
2020-02-23 00:00:00,$2199.9700000000003,Doos
2020-02-24 00:00:00,$3051.5699999999988,Doos
2020-02-25 00:00:00,$7661.4699999999993,Doos
2020-02-26 00:00:00,$605.72,Doos
2020-02-27 00:00:00,$2836.2099999999996,Doos
2020-02-28 00:00:00,$12396.640000000003,Doos
2020-02-29 00:00:00,$7019.5700000000061,Doos
2020-03-01 00:00:00,$4382.8100000000013,Doos
2020-03-02 00:00:00,$1161.8899999999999,Doos
2020-03-03 00:00:00,$7430.7299999999977,Doos
2020-03-04 00:00:00,$4177.0899999999974,Doos
2020-03-05 00:00:00,$4687.529999999998,Doos
2020-03-06 00:00:00,$11813.250000000011,Doos
2020-03-07 00:00:00,$7182.830000000009,Doos
2020-03-08 00:00:00,$2887.64,Doos
2020-03-09 00:00:00,$121.9,Doos
2020-03-10 00:00:00,$4491.4199999999992,Doos
2020-03-11 00:00:00,$3093.2899999999995,Doos
2020-03-12 00:00:00,$2895.24,Doos
2020-03-13 00:00:00,$6958.0700000000088,Doos
2020-03-14 00:00:00,$1718.1100000000006,Doos
2020-03-15 00:00:00,$2857.13952,Doos
2020-03-19 00:00:00,$0,Doos
2020-04-27 00:00:00,$0,Doos
2020-05-04 00:00:00,$0.6,Doos
2020-05-14 00:00:00,$0,Doos
2020-06-20 00:00:00,$83.80952,Doos
2020-06-21 00:00:00,$952.39999999999986,Doos
2020-06-22 00:00:00,$335.24,Doos
2020-06-23 00:00:00,$205.72,Doos
2020-06-24 00:00:00,$243.8,Doos
2020-06-25 00:00:00,$545.43000000000006,Doos
2020-06-26 00:00:00,$2780.94,Doos
2020-06-27 00:00:00,$1767.6000000000004,Doos
2020-06-28 00:00:00,$1844.5600000000002,Doos
2020-06-29 00:00:00,$1547.02,Doos
2020-06-30 00:00:00,$3836.5300000000007,Doos
2020-07-01 00:00:00,$942.6199999999999,Doos
2020-07-02 00:00:00,$2298.23,Doos
2020-07-03 00:00:00,$7510.32,Doos
2020-07-04 00:00:00,$3297.2299999999996,Doos
2020-07-05 00:00:00,$4066.14,Doos
2020-07-06 00:00:00,$2736.01,Doos
2020-07-07 00:00:00,$5551.3399999999983,Doos
2020-07-08 00:00:00,$2461.0699999999997,Doos
2020-07-09 00:00:00,$8019.2,Doos
2020-07-10 00:00:00,$10018.35,Doos
2020-07-11 00:00:00,$6122.989999999999,Doos
2020-07-12 00:00:00,$7882.6,Doos
2020-07-13 00:00:00,$4293.96,Doos
2020-07-14 00:00:00,$6161.35,Doos
2020-07-15 00:00:00,$7288.3999999999987,Doos
2020-07-16 00:00:00,$12609.670000000002,Doos
2020-07-17 00:00:00,$13310.370000000008,Doos
2020-07-18 00:00:00,$8021.2800000000043,Doos
2020-07-19 00:00:00,$9811.630000000001,Doos
2020-07-20 00:00:00,$5312.659999999999,Doos
2020-07-21 00:00:00,$6566.0799999999981,Doos
2020-07-22 00:00:00,$5757.3499999999985,Doos
2020-07-23 00:00:00,$4613.67,Doos
2020-07-24 00:00:00,$12434.700000000003,Doos
2020-07-25 00:00:00,$6229.6200000000008,Doos
2020-07-26 00:00:00,$9042.5099999999984,Doos
2020-07-27 00:00:00,$9351.9799999999977,Doos
2020-07-28 00:00:00,$10998.229999999996,Doos
2020-07-29 00:00:00,$10762.109999999997,Doos
2020-07-31 00:00:00,$7039.2199999999993,Doos
2020-08-01 00:00:00,$15829.829999999996,Doos
2020-08-02 00:00:00,$17139.79,Doos
2020-08-03 00:00:00,$15498.119999999995,Doos
2020-08-04 00:00:00,$15142.599999999997,Doos
2020-08-05 00:00:00,$11820.669999999998,Doos
2020-08-06 00:00:00,$11696.440000000006,Doos
2020-08-07 00:00:00,$14963.31,Doos
2020-08-08 00:00:00,$18443.530000000002,Doos
2020-08-09 00:00:00,$13344.949999999997,Doos
2020-08-10 00:00:00,$12234.160000000002,Doos
2020-08-11 00:00:00,$13325.019999999999,Doos
2020-08-12 00:00:00,$14428.000000000004,Doos
2020-08-13 00:00:00,$18226.690000000002,Doos
2020-08-14 00:00:00,$18365.86,Doos
2020-08-15 00:00:00,$12799.139999999996,Doos
2020-08-16 00:00:00,$11810.829999999996,Doos
2020-08-17 00:00:00,$12897.769999999993,Doos
2020-08-18 00:00:00,$11980.76,Doos
2020-08-19 00:00:00,$14350.659999999996,Doos
2020-08-20 00:00:00,$11230.6,Doos
2020-08-21 00:00:00,$19181.870000000003,Doos
2020-08-22 00:00:00,$15377.400000000007,Doos
2020-08-23 00:00:00,$13661.05,Doos
2020-08-24 00:00:00,$23415.790000000026,Doos
2020-08-25 00:00:00,$11945.309999999994,Doos
2020-08-26 00:00:00,$13415.049999999996,Doos
2020-08-27 00:00:00,$18251.699999999997,Doos
2020-08-28 00:00:00,$25755.169999999984,Doos
2020-08-29 00:00:00,$15786.200000000004,Doos
2020-08-30 00:00:00,$8700.2899999999991,Doos
2020-08-31 00:00:00,$9673.9499999999935,Doos
2020-09-01 00:00:00,$10654.650000000001,Doos
2020-09-02 00:00:00,$13135.19,Doos
2020-09-03 00:00:00,$15327.539999999999,Doos
2020-09-04 00:00:00,$22037.15,Doos
2020-09-05 00:00:00,$19304.45,Doos
2020-09-06 00:00:00,$8960.9299999999967,Doos
2020-09-07 00:00:00,$8798.95,Doos
2020-09-08 00:00:00,$10273.13,Doos
2020-09-09 00:00:00,$9229.489999999998,Doos
2020-09-10 00:00:00,$17129.800000000003,Doos
2020-09-11 00:00:00,$20881.82,Doos
2020-09-12 00:00:00,$16111.910000000002,Doos
2020-09-13 00:00:00,$7953.81,Doos
2020-09-14 00:00:00,$8375.0799999999981,Doos
2020-09-15 00:00:00,$9771.06,Doos
2020-09-16 00:00:00,$11192.6,Doos
2020-09-17 00:00:00,$13485.41,Doos
2020-09-18 00:00:00,$23853.64,Doos
2020-09-19 00:00:00,$17492.11,Doos
2020-09-20 00:00:00,$24120.740000000013,Doos
2020-09-21 00:00:00,$11439.129999999997,Doos
2020-09-22 00:00:00,$13374.199999999997,Doos
2020-09-23 00:00:00,$16348.630000000014,Doos
2020-09-24 00:00:00,$20411.910000000011,Doos
2020-09-25 00:00:00,$21971.560000000012,Doos
2020-09-26 00:00:00,$18340.892610000006,Doos
2020-09-27 00:00:00,$9891.2999999999975,Doos
2020-09-28 00:00:00,$10195.059999999998,Doos
2020-09-29 00:00:00,$11157.009999999998,Doos
2020-09-30 00:00:00,$10533.949999999997,Doos
2020-10-01 00:00:00,$16668.81,Doos
2020-10-02 00:00:00,$23211.31,Doos
2020-10-03 00:00:00,$13837.56,Doos
2020-10-04 00:00:00,$10462.560000000001,Doos
2020-10-05 00:00:00,$12797.589999999998,Doos
2020-10-06 00:00:00,$9567.1999999999935,Doos
2020-10-07 00:00:00,$10751.22,Doos
2020-10-08 00:00:00,$17849.289999999997,Doos
2020-10-09 00:00:00,$19623.29,Doos
2020-10-10 00:00:00,$14241.430000000002,Doos
2020-10-11 00:00:00,$9653.1099999999933,Doos
2020-10-12 00:00:00,$10460.32,Doos
2020-10-13 00:00:00,$8936.4700000000012,Doos
2020-10-14 00:00:00,$10129.829999999996,Doos
2020-10-15 00:00:00,$21009.81,Doos
2020-10-16 00:00:00,$23402.260000000002,Doos
2020-10-17 00:00:00,$13470.060000000001,Doos
2020-10-18 00:00:00,$7204.23,Doos
2020-10-19 00:00:00,$5592.25216,Doos
2020-10-20 00:00:00,$7722.6799999999985,Doos
2020-10-21 00:00:00,$13578.38,Doos
2020-10-22 00:00:00,$38164.783459999977,Doos
2020-10-23 00:00:00,$22699.72,Doos
2020-10-24 00:00:00,$11355.490000000002,Doos
2020-10-25 00:00:00,$7486.4999999999991,Doos
2020-10-26 00:00:00,$8298.77,Doos
2020-10-27 00:00:00,$11065.459999999995,Doos
2020-10-28 00:00:00,$13326.940000000002,Doos
2020-10-29 00:00:00,$22409.53,Doos
2020-10-30 00:00:00,$25297.219999999983,Doos
2020-10-31 00:00:00,$17662.71,Doos
2020-11-01 00:00:00,$13761.799999999997,Doos
2020-11-02 00:00:00,$13677.849999999995,Doos
2020-11-03 00:00:00,$14584.479999999992,Doos
2020-11-04 00:00:00,$13952.57,Doos
2020-11-05 00:00:00,$24823.49,Doos
2020-11-06 00:00:00,$28270.859999999946,Doos
2020-11-07 00:00:00,$22110.529999999981,Doos
2020-11-08 00:00:00,$12006.990000000002,Doos
2020-11-09 00:00:00,$11704.2,Doos
2020-11-10 00:00:00,$15063.869999999997,Doos
2020-11-11 00:00:00,$14677.25,Doos
2020-11-12 00:00:00,$26869.749999999942,Doos
2020-11-13 00:00:00,$27901.46999999995,Doos
2020-11-14 00:00:00,$15191.960000000003,Doos
2020-11-15 00:00:00,$17537.59,Doos
2020-11-16 00:00:00,$13279.979999999992,Doos
2020-11-17 00:00:00,$12343.4,Doos
2020-11-18 00:00:00,$13274.96,Doos
2020-11-19 00:00:00,$23630.260000000002,Doos
2020-11-20 00:00:00,$29921.539999999924,Doos
2020-11-21 00:00:00,$21973.49,Doos
2020-11-22 00:00:00,$20557.780000000006,Doos
2020-11-23 00:00:00,$8470.54,Doos
2020-11-24 00:00:00,$9436.130000000001,Doos
2020-11-25 00:00:00,$14846.969999999994,Doos
2020-11-26 00:00:00,$20950.760000000002,Doos
2020-11-27 00:00:00,$31633.809999999994,Doos
2020-11-28 00:00:00,$15563.39,Doos
2020-11-29 00:00:00,$14732.599999999999,Doos
2020-11-30 00:00:00,$14041.08,Doos
2020-12-01 00:00:00,$32493.509999999995,Doos
2020-12-02 00:00:00,$14208.150000000001,Doos
2020-12-03 00:00:00,$23189.9,Doos
2020-12-04 00:00:00,$29345.959999999955,Doos
2020-12-05 00:00:00,$21243.52,Doos
2020-12-06 00:00:00,$11082.289999999999,Doos
2020-12-07 00:00:00,$11933.400000000001,Doos
2020-12-08 00:00:00,$13246.75,Doos
2020-12-09 00:00:00,$17071.42,Doos
2020-12-10 00:00:00,$25873.799999999952,Doos
2020-12-11 00:00:00,$26971.219999999943,Doos
2020-12-12 00:00:00,$16685.82,Doos
2020-12-13 00:00:00,$8889.6799999999985,Doos
2020-12-14 00:00:00,$10598.5,Doos
2020-12-15 00:00:00,$10966.839999999998,Doos
2020-12-16 00:00:00,$13000.98,Doos
2020-12-17 00:00:00,$20949.47,Doos
2020-12-18 00:00:00,$22600.669999999951,Doos
2020-12-19 00:00:00,$15620.720000000003,Doos
2020-12-20 00:00:00,$8561.39,Doos
2020-12-21 00:00:00,$10147.65,Doos
2020-12-22 00:00:00,$11827.1,Doos
2020-12-23 00:00:00,$14083.65,Doos
2020-12-24 00:00:00,$23735.819999999956,Doos
2020-12-25 00:00:00,$19570.210000000003,Doos
2020-12-26 00:00:00,$18575.47,Doos
2020-12-27 00:00:00,$17474.039999999997,Doos
2020-12-28 00:00:00,$29089.70000000002,Doos
2020-12-29 00:00:00,$19565.904339999997,Doos
2020-12-30 00:00:00,$21691.089999999997,Doos
2020-12-31 00:00:00,$22248.565639999986,Doos
2021-01-01 00:00:00,$38122.4399999999,Doos
2021-01-02 00:00:00,$31665.949999999986,Doos
2021-01-03 00:00:00,$35554.119999999981,Doos
2021-01-04 00:00:00,$31741.569999999963,Doos
2021-01-05 00:00:00,$34059.189999999995,Doos
2021-01-06 00:00:00,$30735.730000000003,Doos
2021-01-07 00:00:00,$35039.200000000004,Doos
2021-01-08 00:00:00,$32362.089999999942,Doos
2021-01-09 00:00:00,$37948.192559999923,Doos
2021-01-10 00:00:00,$32564.654739999911,Doos
2021-01-11 00:00:00,$33388.129999999983,Doos
2021-01-12 00:00:00,$33410.842559999968,Doos
2021-01-13 00:00:00,$32394.04,Doos
2021-01-14 00:00:00,$33328.79173,Doos
2021-01-15 00:00:00,$33255.109999999928,Doos
2021-01-16 00:00:00,$26955.537820000005,Doos
2021-01-17 00:00:00,$16796.839999999997,Doos
2021-01-18 00:00:00,$18254.760000000002,Doos
2021-01-19 00:00:00,$18369.32,Doos
2021-01-20 00:00:00,$17816.21,Doos
2021-01-21 00:00:00,$23753.640000000003,Doos
2021-01-22 00:00:00,$32928.715679999965,Doos
2021-01-23 00:00:00,$45876.549999999952,Doos
2021-01-24 00:00:00,$16367.380000000003,Doos
2021-01-25 00:00:00,$16985.36,Doos
2021-01-26 00:00:00,$20264.910000000003,Doos
2021-01-27 00:00:00,$22398.260000000002,Doos
2021-01-28 00:00:00,$27866.739999999991,Doos
2021-01-29 00:00:00,$35701.08999999999,Doos
2021-01-30 00:00:00,$25849.46,Doos
2021-01-31 00:00:00,$16280.340000000002,Doos
2021-02-01 00:00:00,$18151.78,Doos
2021-02-02 00:00:00,$21296.68,Doos
2021-02-03 00:00:00,$15848.46,Doos
2021-02-04 00:00:00,$10046.99564,Doos
2021-02-12 00:00:00,$298,Doos
2021-02-17 00:00:00,$894,Doos
2021-03-07 00:00:00,$6443.56565,Doos
2021-03-08 00:00:00,$6478.8465099999994,Doos
2021-03-09 00:00:00,$10607.458700000005,Doos
2021-03-10 00:00:00,$7088.83867,Doos
2021-03-11 00:00:00,$21010.09267000001,Doos
2021-03-12 00:00:00,$12946.917019999997,Doos
2021-03-13 00:00:00,$13873.004370000004,Doos
2021-03-14 00:00:00,$7325.4139199999991,Doos
2021-03-15 00:00:00,$24066.981720000003,Doos
2021-03-16 00:00:00,$11463.631750000008,Doos
2021-03-17 00:00:00,$11147.567880000002,Doos
2021-03-18 00:00:00,$22715.926930000005,Doos
2021-03-19 00:00:00,$28223.7122,Doos
2021-03-20 00:00:00,$13907.286520000001,Doos
2021-03-21 00:00:00,$7620.5839099999994,Doos
2021-03-22 00:00:00,$7675.0961000000025,Doos
2021-03-23 00:00:00,$8937.3291699999991,Doos
2021-03-24 00:00:00,$11001.042610000002,Doos
2021-03-25 00:00:00,$22357.033080000012,Doos
2021-03-26 00:00:00,$29945.495179999987,Doos
2021-03-27 00:00:00,$17523.648300000008,Doos
2021-03-28 00:00:00,$14529.238260000004,Doos
2021-03-29 00:00:00,$15175.353080000003,Doos
2021-03-30 00:00:00,$13263.140800000006,Doos
2021-03-31 00:00:00,$16977.123450000003,Doos
2021-04-01 00:00:00,$21958.762560000006,Doos
2021-04-02 00:00:00,$31792.459399999982,Doos
2021-04-03 00:00:00,$25905.87689000001,Doos
2021-04-04 00:00:00,$8930.48916,Doos
2021-04-05 00:00:00,$12041.811740000003,Doos
2021-04-06 00:00:00,$9481.78001,Doos
2021-04-07 00:00:00,$12691.817440000008,Doos
2021-04-08 00:00:00,$21969.049900000013,Doos
2021-04-09 00:00:00,$27251.30040999999,Doos
2021-04-10 00:00:00,$24549.469150000008,Doos
2021-04-11 00:00:00,$8483.4974300000013,Doos
2021-04-12 00:00:00,$9097.4252800000013,Doos
2021-04-13 00:00:00,$2427.0299999999993,Doos
2021-04-14 00:00:00,$3213.96,Doos
2021-04-15 00:00:00,$6157.43306,Doos
2021-04-16 00:00:00,$9839.2895600000011,Doos
2021-04-17 00:00:00,$9324.3104200000016,Doos
2021-04-18 00:00:00,$3221.7878599999995,Doos
2021-04-19 00:00:00,$4546.19566,Doos
2021-04-20 00:00:00,$4794.0300000000016,Doos
2021-04-21 00:00:00,$5915.2456600000014,Doos
2021-04-22 00:00:00,$11548.888690000005,Doos
2021-04-23 00:00:00,$13316.564340000004,Doos
2021-04-24 00:00:00,$7971.4438900000014,Doos
2021-04-25 00:00:00,$5389.6369799999993,Doos
2021-04-26 00:00:00,$15635.689579999998,Doos
2021-04-27 00:00:00,$11254.081330000005,Doos
2021-04-28 00:00:00,$15355.194800000003,Doos
2021-04-29 00:00:00,$15590.021760000005,Doos
2021-04-30 00:00:00,$15134.61653000001,Doos
2021-05-01 00:00:00,$13948.736970000007,Doos
2021-05-02 00:00:00,$9025.3630600000033,Doos
2021-05-03 00:00:00,$11845.765220000001,Doos
2021-05-04 00:00:00,$10991.413500000004,Doos
2021-05-05 00:00:00,$6787.941319999999,Doos
2021-05-06 00:00:00,$9162.34696,Doos
2021-05-07 00:00:00,$13319.840020000001,Doos
2021-05-08 00:00:00,$15593.908740000006,Doos
2021-05-09 00:00:00,$6545.3100000000022,Doos
2021-05-10 00:00:00,$9958.4300200000016,Doos
2021-05-11 00:00:00,$11005.40697,Doos
2021-05-13 00:00:00,$16909.52174,Doos
2021-05-14 00:00:00,$29858.672169999991,Doos
2021-05-15 00:00:00,$30588.346969999995,Doos
2021-05-16 00:00:00,$31141.381379999981,Doos
2021-05-17 00:00:00,$21657.471749999993,Doos
2021-05-18 00:00:00,$27221.76389000001,Doos
2021-05-19 00:00:00,$14907.714840000006,Doos
2021-05-20 00:00:00,$21822.53656,Doos
2021-05-21 00:00:00,$23526.450860000023,Doos
2021-05-22 00:00:00,$21776.331340000004,Doos
2021-05-31 00:00:00,$673.04346,Doos
2021-06-01 00:00:00,$0,Doos
2021-06-03 00:00:00,$24859.936290000034,Doos
2021-06-04 00:00:00,$37568.940650000026,Doos
2021-06-05 00:00:00,$29235.602749999973,Doos
2021-06-06 00:00:00,$15952.488490000003,Doos
2021-06-07 00:00:00,$18994.757599999997,Doos
2021-06-08 00:00:00,$22101.678170000003,Doos
2021-06-09 00:00:00,$22728.161539999997,Doos
2021-06-10 00:00:00,$31367.79142999998,Doos
2021-06-11 00:00:00,$34666.00609000001,Doos
2021-06-12 00:00:00,$25251.670359999967,Doos
2021-06-13 00:00:00,$19824.743570000017,Doos
2021-06-14 00:00:00,$22368.198119999997,Doos
2021-06-15 00:00:00,$19989.89685,Doos
2021-06-16 00:00:00,$21563.664060000003,Doos
2021-06-17 00:00:00,$42715.23410000009,Doos
2021-06-18 00:00:00,$36146.8562000001,Doos
2021-06-19 00:00:00,$25912.10230000005,Doos
2021-06-20 00:00:00,$22384.152510000004,Doos
2021-06-21 00:00:00,$15734.213369999998,Doos
2021-06-22 00:00:00,$21556.619899999994,Doos
2021-06-23 00:00:00,$23305.588649999987,Doos
2021-06-24 00:00:00,$37772.55010000006,Doos
2021-06-25 00:00:00,$37903.38903000005,Doos
2021-06-26 00:00:00,$26406.026819999981,Doos
2021-06-27 00:00:00,$20706.639350000012,Doos
2021-06-28 00:00:00,$20800.81454000001,Doos
2021-06-29 00:00:00,$23361.72705999998,Doos
2021-06-30 00:00:00,$28237.853380000004,Doos
2021-07-01 00:00:00,$41144.74105000018,Doos
2021-07-02 00:00:00,$34996.25964000007,Doos
2021-07-03 00:00:00,$27240.74111000005,Doos
2021-07-04 00:00:00,$28519.932070000028,Doos
2021-07-05 00:00:00,$29634.3025,Doos
2021-07-06 00:00:00,$25086.43684000002,Doos
2021-07-07 00:00:00,$22941.235670000005,Doos
2021-07-08 00:00:00,$31621.20139000001,Doos
2021-07-09 00:00:00,$34705.026130000013,Doos
2021-07-10 00:00:00,$26838.181109999965,Doos
2021-07-11 00:00:00,$17464.736619999996,Doos
2021-07-12 00:00:00,$23044.731339999991,Doos
2021-07-13 00:00:00,$20596.060949999988,Doos
2021-07-14 00:00:00,$20937.532679999978,Doos
2021-07-15 00:00:00,$24482.357720000007,Doos
2021-07-16 00:00:00,$23369.50471999998,Doos
2021-07-17 00:00:00,$15026.330619999999,Doos
2021-07-18 00:00:00,$14142.40347000001,Doos
2021-07-20 00:00:00,$17883.861400000005,Doos
2021-07-21 00:00:00,$29075.959819999978,Doos
2021-07-22 00:00:00,$33029.480120000022,Doos
2021-07-23 00:00:00,$32714.05478000001,Doos
2021-07-24 00:00:00,$26337.328689999973,Doos
2021-07-25 00:00:00,$19324.722029999986,Doos
2021-07-26 00:00:00,$20087.786150000011,Doos
2021-07-27 00:00:00,$24600.786210000013,Doos
2021-07-28 00:00:00,$25357.3309,Doos
2021-07-29 00:00:00,$31956.816350000005,Doos
2021-07-30 00:00:00,$33599.868720000057,Doos
2021-07-31 00:00:00,$28050.382769999986,Doos
2021-08-01 00:00:00,$21936.870170000002,Doos
2021-08-02 00:00:00,$17874.329679999988,Doos
2021-08-03 00:00:00,$22179.96754000001,Doos
2021-08-04 00:00:00,$22500.667460000008,Doos
2021-08-05 00:00:00,$23404.741589999991,Doos
2021-08-06 00:00:00,$36812.095730000052,Doos
2021-08-07 00:00:00,$24116.939830000003,Doos
2021-08-08 00:00:00,$19631.177859999985,Doos
2021-08-09 00:00:00,$17532.12965000001,Doos
2021-08-10 00:00:00,$19926.035180000006,Doos
2021-08-11 00:00:00,$18907.354390000011,Doos
2021-08-12 00:00:00,$23549.497650000016,Doos
2021-08-13 00:00:00,$32737.298740000031,Doos
2021-08-14 00:00:00,$15527.082250000025,Doos
2021-08-15 00:00:00,$17223.29143999999,Doos
2021-08-16 00:00:00,$16374.747070000012,Doos
2021-08-17 00:00:00,$18678.06496999999,Doos
2021-08-18 00:00:00,$13884.149280000009,Doos
2021-08-19 00:00:00,$18402.92268,Doos
2021-08-20 00:00:00,$31961.236600000011,Doos
2021-08-21 00:00:00,$18900.837399999986,Doos
2021-08-22 00:00:00,$16072.583979999989,Doos
2021-08-23 00:00:00,$15451.940610000014,Doos
2021-08-24 00:00:00,$16694.22064000001,Doos
2021-08-25 00:00:00,$16672.570950000005,Doos
2021-08-26 00:00:00,$25301.92765,Doos
2021-08-27 00:00:00,$31797.787870000004,Doos
2021-08-28 00:00:00,$16590.054859999997,Doos
2021-08-29 00:00:00,$12139.924980000013,Doos
2021-08-30 00:00:00,$9158.5837000000138,Doos
2021-08-31 00:00:00,$8308.86158000001,Doos
2021-09-01 00:00:00,$10307.213320000012,Doos
2021-09-02 00:00:00,$17994.754780000014,Doos
2021-09-03 00:00:00,$31408.323170000003,Doos
2021-09-04 00:00:00,$20133.430340000006,Doos
2021-09-05 00:00:00,$6794.9520600000005,Doos
2021-09-06 00:00:00,$7594.93679,Doos
2021-09-07 00:00:00,$8523.1211900000035,Doos
2021-09-08 00:00:00,$10570.3681,Doos
2021-09-09 00:00:00,$23491.525619999986,Doos
2021-09-10 00:00:00,$26077.722440000016,Doos
2021-09-11 00:00:00,$13517.374470000015,Doos
2021-09-12 00:00:00,$6406.9447000000018,Doos
2021-09-13 00:00:00,$4617.39122,Doos
2021-09-14 00:00:00,$17810.43549999999,Doos
2021-09-15 00:00:00,$15940.387530000004,Doos
2021-09-16 00:00:00,$19529.521259999994,Doos
2021-09-17 00:00:00,$26416.486559999983,Doos
2021-09-18 00:00:00,$12332.07441000001,Doos
2021-09-19 00:00:00,$6048.2451200000041,Doos
2021-09-20 00:00:00,$6005.65506,Doos
2021-09-21 00:00:00,$12573.880369999999,Doos
2021-09-22 00:00:00,$23796.470000000005,Doos
2021-09-23 00:00:00,$14466.077420000012,Doos
2021-09-24 00:00:00,$25493.843859999986,Doos
2021-09-25 00:00:00,$14099.971829999995,Doos
2021-09-26 00:00:00,$4552.17382,Doos
2021-09-27 00:00:00,$7033.031630000005,Doos
2021-09-28 00:00:00,$4199.3038499999993,Doos
2021-09-29 00:00:00,$11099.98800000001,Doos
2021-09-30 00:00:00,$26963.201280000067,Doos
2021-10-01 00:00:00,$28427.535970000055,Doos
2021-10-02 00:00:00,$10538.320220000007,Doos
2021-10-03 00:00:00,$9186.0313099999858,Doos
2021-10-04 00:00:00,$5306.93643,Doos
2021-10-05 00:00:00,$7293.0433300000013,Doos
2021-10-06 00:00:00,$10990.86946,Doos
2021-10-07 00:00:00,$15259.101070000012,Doos
2021-10-08 00:00:00,$32538.432570000103,Doos
2021-10-09 00:00:00,$11466.141620000013,Doos
2021-10-10 00:00:00,$3496.5210099999977,Doos
2021-10-11 00:00:00,$7518.2412200000135,Doos
2021-10-12 00:00:00,$6139.1259800000043,Doos
2021-10-13 00:00:00,$6080.8617100000047,Doos
2021-10-14 00:00:00,$16735.591839999997,Doos
2021-10-15 00:00:00,$26639.06112,Doos
2021-10-16 00:00:00,$25705.18456,Doos
2021-10-17 00:00:00,$23137.349999999973,Doos
2021-10-18 00:00:00,$12066.950220000017,Doos
2021-10-19 00:00:00,$5144.7855400000008,Doos
2021-10-20 00:00:00,$4724.3360500000008,Doos
2021-10-21 00:00:00,$14720.864119999997,Doos
2021-10-22 00:00:00,$33003.427360000067,Doos
2021-10-23 00:00:00,$13402.537240000003,Doos
2021-10-24 00:00:00,$3309.5612100000003,Doos
2021-10-25 00:00:00,$3446.0938599999995,Doos
2021-10-26 00:00:00,$13546.940370000004,Doos
2021-10-27 00:00:00,$12340.85990999999,Doos
2021-10-28 00:00:00,$27032.167440000056,Doos
2021-10-29 00:00:00,$18950.85614999999,Doos
2021-10-30 00:00:00,$12703.421070000019,Doos
2021-10-31 00:00:00,$24231.288660000002,Doos
2021-11-01 00:00:00,$4173.9090799999994,Doos
2021-11-02 00:00:00,$4040.8655899999994,Doos
2021-11-03 00:00:00,$9085.520790000015,Doos
2021-11-04 00:00:00,$15661.709210000017,Doos
2021-11-05 00:00:00,$22550.37558,Doos
2021-11-06 00:00:00,$8049.5568900000126,Doos
2021-11-07 00:00:00,$4061.731209999999,Doos
2021-11-08 00:00:00,$4571.299869999999,Doos
2021-11-09 00:00:00,$4359.1146700000008,Doos
2021-11-10 00:00:00,$5452.16553,Doos
2021-11-11 00:00:00,$9627.371480000009,Doos
2021-11-12 00:00:00,$14883.444840000016,Doos
2021-11-13 00:00:00,$8020.50545000001,Doos
2021-11-14 00:00:00,$9178.26039,Doos
2021-11-15 00:00:00,$3915.6507899999997,Doos
2021-11-16 00:00:00,$3379.9921299999996,Doos
2021-11-17 00:00:00,$1365.21346,Doos
2021-11-18 00:00:00,$7686.06680000001,Doos
2021-11-19 00:00:00,$11886.054910000026,Doos
2021-11-20 00:00:00,$5478.6081099999992,Doos
2021-11-21 00:00:00,$313.04348,Doos
2021-11-22 00:00:00,$20993.885550000035,Doos
2021-11-23 00:00:00,$4489.5721099999992,Doos
2021-11-24 00:00:00,$126234.77600999991,Doos
2021-11-25 00:00:00,$6931.2806900000087,Doos
2021-11-26 00:00:00,$16953.465630000006,Doos
2021-11-27 00:00:00,$17932.157780000012,Doos
2021-11-28 00:00:00,$21655.17552999998,Doos
2021-11-29 00:00:00,$21326.934840000005,Doos
2021-11-30 00:00:00,$25113.52597,Doos
2021-12-01 00:00:00,$26033.816390000011,Doos
2021-12-02 00:00:00,$22582.5447,Doos
2021-12-03 00:00:00,$21925.08639000002,Doos
2021-12-04 00:00:00,$12875.208830000014,Doos
2021-12-05 00:00:00,$8449.5531800000135,Doos
2021-12-06 00:00:00,$5737.37118,Doos
2021-12-07 00:00:00,$2498.2529999999997,Doos
2021-12-08 00:00:00,$2919.1264899999996,Doos
2021-12-09 00:00:00,$8476.85370000001,Doos
2021-12-10 00:00:00,$13869.820930000009,Doos
2021-12-11 00:00:00,$9382.81408000002,Doos
2021-12-12 00:00:00,$15685.991109999984,Doos
2021-12-13 00:00:00,$4957.39557,Doos
2021-12-14 00:00:00,$3657.3913000000002,Doos
2021-12-15 00:00:00,$15856.556700000001,Doos
2021-12-16 00:00:00,$13427.831380000021,Doos
2021-12-17 00:00:00,$27888.96330000003,Doos
2021-12-18 00:00:00,$22183.46899,Doos
2021-12-19 00:00:00,$10293.286720000011,Doos
2021-12-20 00:00:00,$2732.99606,Doos
2021-12-21 00:00:00,$5397.387319999999,Doos
2021-12-22 00:00:00,$9459.1328500000091,Doos
2021-12-23 00:00:00,$11993.898820000013,Doos
2021-12-24 00:00:00,$13794.984870000004,Doos
2021-12-25 00:00:00,$7336.5263300000106,Doos
2021-12-26 00:00:00,$4219.99553,Doos
2021-12-27 00:00:00,$10506.093870000008,Doos
2021-12-28 00:00:00,$8511.2955600000023,Doos
2021-12-29 00:00:00,$9046.958140000008,Doos
2021-12-30 00:00:00,$16714.745330000012,Doos
2021-12-31 00:00:00,$16781.716199999988,Doos
2022-01-01 00:00:00,$11602.618820000002,Doos
2022-01-02 00:00:00,$7913.9232900000015,Doos
2022-01-03 00:00:00,$4437.3912199999995,Doos
2022-01-04 00:00:00,$4554.7786399999995,Doos
2022-01-05 00:00:00,$9817.3902500000113,Doos
2022-01-06 00:00:00,$12264.337950000012,Doos
2022-01-07 00:00:00,$16285.175670000002,Doos
2022-01-08 00:00:00,$16146.075670000006,Doos
2022-01-09 00:00:00,$17363.465760000006,Doos
2022-01-10 00:00:00,$17497.371400000018,Doos
2022-01-11 00:00:00,$21553.057730000008,Doos
2022-01-12 00:00:00,$19322.434850000012,Doos
2022-01-13 00:00:00,$17547.886950000022,Doos
2022-01-14 00:00:00,$27798.238400000002,Doos
2022-01-15 00:00:00,$12486.779250000018,Doos
2022-01-16 00:00:00,$3691.29645,Doos
2022-01-17 00:00:00,$5027.8125299999992,Doos
2022-01-18 00:00:00,$2176.5391,Doos
2022-01-19 00:00:00,$2720.2851699999997,Doos
2022-01-20 00:00:00,$10240.00799000001,Doos
2022-01-21 00:00:00,$17904.37650000001,Doos
2022-01-22 00:00:00,$6941.7694200000005,Doos
2022-01-23 00:00:00,$3241.73995,Doos
2022-01-24 00:00:00,$2609.58085,Doos
2022-01-25 00:00:00,$4047.8347499999991,Doos
2022-01-26 00:00:00,$3287.4847099999993,Doos
2022-01-27 00:00:00,$11848.130570000016,Doos
2022-01-28 00:00:00,$23433.96591,Doos
2022-01-29 00:00:00,$6563.4928700000028,Doos
2022-01-30 00:00:00,$4751.32206,Doos
2022-01-31 00:00:00,$4721.16249,Doos
2022-02-01 00:00:00,$11720.312890000014,Doos
2022-02-02 00:00:00,$15655.367510000011,Doos
2022-02-03 00:00:00,$15546.982210000018,Doos
2022-02-04 00:00:00,$27715.741159999983,Doos
2022-02-05 00:00:00,$5422.6420400000034,Doos
2022-02-06 00:00:00,$2397.30951,Doos
2022-02-07 00:00:00,$8.7,Doos
